Player	Team	GP	Poss	Freq	PPP	PTS	FGM	FGA	FG%	eFG%	FT_Freq	TO_Freq	SF_Freq	And_One_Freq	Score_Freq	Percentile
Brook Lopez	BKN	73	448	29.8%	0.95	426	164	324	50.6	50.6	16.3%	16.1%	14.1%	4.7%	47.5%	78.5
LaMarcus Aldridge	SAS	69	396	33.2%	1.02	404	152	310	49.0	49.0	16.4%	7.8%	14.4%	2.5%	51.8%	89.0
Dirk Nowitzki	DAL	69	360	29.6%	1.03	372	140	293	47.8	47.8	15.3%	6.9%	13.1%	3.6%	50.6%	90.9
DeMarcus Cousins	SAC	63	357	19.7%	0.96	342	113	231	48.9	48.9	24.9%	14.6%	18.8%	4.5%	50.4%	79.5
Greg Monroe	MIL	74	387	33.9%	0.87	335	136	298	45.6	45.6	13.2%	12.4%	11.1%	2.6%	44.7%	58.9
Marc Gasol	MEM	52	376	40.2%	0.89	334	114	276	41.3	41.3	18.4%	12.0%	14.6%	3.7%	44.7%	64.8
Carmelo Anthony	NYK	69	350	21.9%	0.89	313	109	262	41.6	41.6	18.6%	10.0%	15.4%	3.4%	46.3%	67.6
Zach Randolph	MEM	62	366	37.4%	0.85	312	128	288	44.4	44.4	9.6%	11.7%	6.6%	0.3%	44.0%	55.7
Nikola Vucevic	ORL	60	327	28.9%	0.92	302	136	270	50.4	50.4	6.7%	11.0%	3.4%	0.6%	47.1%	75.3
Kevin Love	CLE	72	283	24.1%	0.99	281	100	202	49.5	49.5	19.4%	12.7%	14.8%	3.5%	50.9%	83.6
Andre Drummond	DET	76	381	27.2%	0.74	281	128	317	40.4	40.4	9.2%	8.7%	8.4%	1.3%	38.6%	30.1
Jahil Okafor	PHI	53	315	32.0%	0.85	268	112	239	46.9	46.9	12.1%	15.9%	10.2%	3.8%	43.2%	53.4
Paul Millsap	ATL	76	218	16.2%	1.06	232	82	154	53.2	53.2	21.1%	11.9%	18.8%	4.6%	53.2%	94.1
Al Jefferson	CHA	41	257	51.1%	0.89	228	99	221	44.8	44.8	10.5%	5.8%	10.5%	2.3%	45.9%	64.4
Dwight Howard	HOU	65	276	30.3%	0.82	227	90	189	47.6	47.6	19.9%	16.7%	17.0%	5.4%	43.8%	45.2
Robin Lopez	NYK	77	241	30.2%	0.91	219	90	177	50.8	50.8	11.2%	17.8%	8.3%	2.5%	46.1%	72.1
Karl-Anthony Towns	MIN	76	234	17.7%	0.93	218	91	192	47.4	47.4	11.5%	9.4%	9.4%	3.0%	47.4%	76.7
Anthony Davis	NOP	61	262	18.4%	0.78	205	69	192	35.9	35.9	16.0%	11.8%	11.1%	1.1%	40.8%	36.5
Boris Diaw	SAS	74	189	38.0%	1.05	199	88	141	62.4	62.4	10.6%	18.0%	9.0%	3.2%	52.4%	91.8
Pau Gasol	CHI	67	246	20.4%	0.80	197	77	192	40.1	40.1	13.0%	13.0%	11.4%	4.1%	40.2%	42.9
Ryan Anderson	NOP	66	195	17.5%	1.01	196	78	157	49.7	49.7	12.8%	9.2%	11.8%	2.6%	50.3%	88.1
Derrick Favors	UTA	58	222	22.7%	0.85	189	78	179	43.6	43.6	12.2%	9.9%	10.4%	2.7%	44.1%	53.9
Andrew Wiggins	MIN	75	192	12.0%	0.96	185	62	134	46.3	46.3	23.4%	10.4%	18.8%	3.6%	50.0%	80.8
Kevin Durant	OKC	68	144	8.4%	1.25	180	69	112	61.6	61.6	17.4%	7.6%	12.5%	2.8%	62.5%	99.1
Russell Westbrook	OKC	76	182	9.3%	0.97	177	61	131	46.6	46.6	17.6%	11.0%	15.4%	0.5%	49.5%	81.3
Thaddeus Young	BKN	73	187	15.9%	0.93	173	78	156	50.0	50.0	7.0%	10.7%	5.9%	1.1%	46.5%	76.3
Kawhi Leonard	SAS	67	161	13.3%	1.03	166	63	127	49.6	49.6	15.5%	9.3%	11.8%	3.7%	50.9%	90.4
Alex Len	PHX	71	230	29.0%	0.70	162	52	145	35.9	35.9	17.8%	20.4%	15.2%	2.2%	37.4%	24.7
LeBron James	CLE	72	183	10.3%	0.87	159	68	148	45.9	45.9	10.4%	10.9%	7.7%	2.2%	44.8%	60.3
Arron Afflalo	NYK	66	153	17.4%	1.03	157	67	126	53.2	53.2	11.8%	11.1%	10.5%	5.2%	50.3%	89.5
Marcus Morris	DET	75	156	13.9%	0.99	154	58	125	46.4	46.4	17.9%	4.5%	14.7%	2.6%	51.9%	83.1
Jonas Valanciunas	TOR	54	175	27.5%	0.85	149	64	136	47.1	47.1	10.3%	15.4%	9.1%	3.4%	43.4%	54.3
Enes Kanter	OKC	76	160	18.8%	0.91	145	56	115	48.7	48.7	16.3%	15.0%	14.4%	3.1%	46.3%	70.8
Hassan Whiteside	MIA	66	188	22.1%	0.77	145	64	144	44.4	44.4	8.0%	18.1%	7.4%	3.2%	37.8%	34.2
Kobe Bryant	LAL	59	163	14.1%	0.87	141	59	146	40.4	40.4	9.2%	3.1%	8.6%	1.8%	43.6%	58.4
Taj Gibson	CHI	73	156	24.3%	0.89	139	62	122	50.8	50.8	11.5%	13.5%	9.0%	3.2%	45.5%	66.2
Jordan Hill	IND	71	168	24.5%	0.83	139	63	137	46.0	46.0	8.3%	10.1%	5.4%	0.0%	43.5%	46.6
Al Horford	ATL	77	159	14.0%	0.87	138	58	125	46.4	46.4	8.2%	15.1%	6.9%	1.9%	42.8%	59.8
Kristaps Porzingis	NYK	72	168	15.0%	0.82	138	53	131	40.5	40.5	11.3%	12.5%	8.3%	1.8%	41.1%	44.7
Nene Hilario	WAS	52	155	32.3%	0.88	136	54	106	50.9	50.9	16.8%	15.5%	13.5%	0.6%	46.5%	63.5
Nikola Jokic	DEN	74	147	19.8%	0.92	135	51	112	45.5	45.5	15.6%	12.2%	11.6%	4.1%	45.6%	73.1
Dwyane Wade	MIA	68	153	10.5%	0.88	134	52	123	42.3	42.3	13.7%	8.5%	11.8%	2.6%	44.4%	63.0
Blake Griffin	LAC	30	155	21.9%	0.86	133	51	118	43.2	43.2	16.1%	10.3%	12.9%	2.6%	46.5%	57.5
DeMar DeRozan	TOR	74	151	8.6%	0.85	128	42	111	37.8	37.8	21.2%	10.6%	19.2%	5.3%	43.7%	52.5
Jared Sullinger	BOS	75	150	16.1%	0.84	126	50	119	42.0	42.0	13.3%	10.7%	11.3%	3.3%	42.7%	50.9
Tim Duncan	SAS	56	137	26.2%	0.90	123	49	110	44.5	44.5	13.1%	9.5%	13.1%	2.9%	46.0%	68.9
Marcin Gortat	WAS	70	137	14.9%	0.89	122	51	112	45.5	45.5	10.9%	8.8%	8.8%	1.5%	45.3%	65.8
Rudy Gay	SAC	66	126	10.8%	0.96	121	50	100	50.0	50.0	11.9%	11.1%	9.5%	2.4%	49.2%	79.9
Gorgui Dieng	MIN	76	120	15.8%	0.91	109	38	83	45.8	45.8	16.7%	15.8%	11.7%	1.7%	46.7%	71.7
Myles Turner	IND	52	122	21.2%	0.89	109	48	109	44.0	44.0	7.4%	5.7%	7.4%	2.5%	44.3%	67.1
David West	SAS	72	100	20.2%	1.06	106	45	82	54.9	54.9	13.0%	10.0%	11.0%	5.0%	52.0%	93.2
Andrew Nicholson	ORL	45	112	32.0%	0.95	106	48	96	50.0	50.0	6.3%	9.8%	4.5%	1.8%	47.3%	78.1
Roy Hibbert	LAL	74	154	29.7%	0.68	105	43	123	35.0	35.0	10.4%	12.3%	9.1%	2.6%	34.4%	21.9
Markieff Morris	PHX	38	139	24.7%	0.73	101	37	97	38.1	38.1	14.4%	18.0%	11.5%	2.2%	37.4%	27.4
Evan Turner	BOS	76	100	10.8%	0.98	98	39	82	47.6	47.6	12.0%	8.0%	11.0%	2.0%	49.0%	82.6
James Harden	HOU	76	107	5.0%	0.92	98	35	83	42.2	42.2	16.8%	11.2%	15.9%	5.6%	43.9%	72.6
Khris Middleton	MIL	76	113	8.1%	0.85	96	42	93	45.2	45.2	7.1%	13.3%	4.4%	2.7%	41.6%	53.0
Danilo Gallinari	DEN	53	82	8.5%	1.11	91	28	57	49.1	49.1	28.0%	7.3%	23.2%	4.9%	54.9%	96.3
Boban Marjanovic	SAS	41	89	40.1%	0.98	87	30	61	49.2	49.2	21.3%	11.2%	19.1%	2.2%	52.8%	81.7
Mirza Teletovic	PHX	71	101	12.6%	0.86	87	27	66	40.9	40.9	22.8%	14.9%	13.9%	3.0%	44.6%	58.0
Giannis Antetokounmpo	MIL	74	107	8.4%	0.79	85	36	75	48.0	48.0	10.3%	22.4%	9.3%	2.8%	40.2%	40.6
Shaun Livingston	GSW	72	88	19.3%	0.95	84	37	76	48.7	48.7	6.8%	9.1%	6.8%	2.3%	46.6%	79.0
Kenneth Faried	DEN	63	90	11.5%	0.93	84	34	69	49.3	49.3	13.3%	13.3%	11.1%	3.3%	47.8%	77.2
Julius Randle	LAL	74	125	12.3%	0.67	84	29	89	32.6	32.6	16.8%	16.0%	13.6%	4.0%	35.2%	20.5
Wesley Matthews	DAL	72	91	10.1%	0.90	82	32	73	43.8	43.8	11.0%	9.9%	11.0%	1.1%	45.1%	69.9
Harrison Barnes	GSW	60	89	13.2%	0.90	80	36	76	47.4	47.4	6.7%	9.0%	4.5%	1.1%	44.9%	69.4
Aron Baynes	DET	75	86	17.8%	0.92	79	31	67	46.3	46.3	15.1%	10.5%	15.1%	3.5%	46.5%	73.5
Luis Scola	TOR	72	105	15.4%	0.75	79	36	84	42.9	42.9	4.8%	16.2%	4.8%	1.0%	38.1%	32.0
Joe Johnson	BKN	57	94	12.2%	0.83	78	31	70	44.3	44.3	9.6%	16.0%	8.5%	0.0%	42.6%	47.5
Deron Williams	DAL	62	85	8.8%	0.88	75	27	61	44.3	44.3	16.5%	14.1%	14.1%	2.4%	45.9%	63.9
Jabari Parker	MIL	70	69	7.0%	1.06	73	25	50	50.0	50.0	23.2%	7.2%	17.4%	2.9%	56.5%	92.2
Chris Bosh	MIA	53	83	8.6%	0.84	70	25	61	41.0	41.0	13.3%	13.3%	12.0%	0.0%	43.4%	51.6
Shabazz Muhammad	MIN	76	67	8.7%	1.01	68	21	48	43.8	43.8	26.9%	7.5%	23.9%	6.0%	52.2%	88.6
Nikola Mirotic	CHI	59	77	11.2%	0.86	66	23	55	41.8	41.8	20.8%	10.4%	11.7%	2.6%	45.5%	56.9
JaMychal Green	MEM	71	81	14.3%	0.81	66	21	55	38.2	38.2	19.8%	14.8%	13.6%	2.5%	43.2%	44.3
Kevin Seraphin	NYK	45	106	43.6%	0.62	66	30	85	35.3	35.3	3.8%	16.0%	1.9%	0.0%	32.1%	15.5
Jimmy Butler	CHI	60	72	5.8%	0.88	63	23	59	39.0	39.0	16.7%	6.9%	15.3%	5.6%	43.1%	62.4
Joffrey Lauvergne	DEN	52	59	14.3%	1.05	62	26	46	56.5	56.5	11.9%	15.3%	8.5%	5.1%	50.8%	91.3
DAngelo Russell	LAL	73	66	5.9%	0.92	61	19	45	42.2	42.2	28.8%	9.1%	28.8%	6.1%	48.5%	75.8
Derrick Williams	NYK	74	68	10.1%	0.90	61	20	52	38.5	38.5	22.1%	5.9%	22.1%	4.4%	47.1%	68.5
Nerlens Noel	PHI	62	86	10.9%	0.69	59	24	59	40.7	40.7	14.0%	19.8%	11.6%	2.3%	38.4%	22.4
Draymond Green	GSW	75	95	8.5%	0.62	59	16	52	30.8	30.8	24.2%	25.3%	20.0%	4.2%	34.7%	15.1
Carl Landry	PHI	34	58	20.2%	1.00	58	18	36	50.0	50.0	31.0%	12.1%	24.1%	5.2%	55.2%	87.2
Timofey Mozgov	CLE	70	77	17.2%	0.74	57	26	63	41.3	41.3	6.5%	15.6%	5.2%	3.9%	36.4%	30.6
Mason Plumlee	POR	76	67	8.8%	0.84	56	24	50	48.0	48.0	13.4%	16.4%	10.4%	4.5%	43.3%	49.8
Jusuf Nurkic	DEN	27	83	31.8%	0.67	56	21	60	35.0	35.0	12.0%	16.9%	8.4%	1.2%	34.9%	21.0
Bobby Portis	CHI	55	69	15.2%	0.78	54	19	47	40.4	40.4	14.5%	20.3%	8.7%	2.9%	39.1%	37.2
Brandon Bass	LAL	66	49	11.4%	1.08	53	14	32	43.8	43.8	28.6%	10.2%	28.6%	4.1%	53.1%	95.0
Amir Johnson	BOS	73	60	11.2%	0.87	52	23	49	46.9	46.9	10.0%	10.0%	8.3%	1.7%	46.7%	59.4
Ian Mahinmi	IND	65	61	10.3%	0.84	51	22	48	45.8	45.8	14.8%	11.5%	11.5%	4.9%	44.3%	50.2
Kosta Koufos	SAC	72	66	13.7%	0.77	51	24	51	47.1	47.1	4.5%	18.2%	4.5%	0.0%	39.4%	34.7
Jeff Green	MEM	53	58	8.4%	0.84	49	19	51	37.3	37.3	12.1%	1.7%	8.6%	1.7%	43.1%	52.1
Frank Kaminsky	CHA	73	63	10.8%	0.78	49	15	44	34.1	34.1	22.2%	12.7%	20.6%	4.8%	41.3%	35.8
Donatas Motiejunas	HOU	32	53	22.2%	0.91	48	22	43	51.2	51.2	9.4%	9.4%	9.4%	0.0%	47.2%	70.3
DeAndre Jordan	LAC	72	59	7.1%	0.81	48	19	40	47.5	47.5	22.0%	13.6%	20.3%	3.4%	45.8%	43.8
Tobias Harris	ORL	49	57	8.4%	0.82	47	16	46	34.8	34.8	17.5%	7.0%	15.8%	5.3%	40.4%	45.7
Festus Ezeli	GSW	40	66	21.9%	0.71	47	19	49	38.8	38.8	16.7%	12.1%	16.7%	4.5%	39.4%	26.5
Bojan Bogdanovic	BKN	74	59	7.0%	0.76	45	16	44	36.4	36.4	15.3%	13.6%	11.9%	3.4%	37.3%	32.4
Darrell Arthur	DEN	69	45	7.9%	0.98	44	20	40	50.0	50.0	11.1%	4.4%	8.9%	4.4%	48.9%	82.2
Kyle O'Quinn	NYK	57	61	18.9%	0.72	44	19	43	44.2	44.2	8.2%	24.6%	4.9%	3.3%	36.1%	26.9
Amare Stoudemire	MIA	47	53	19.4%	0.81	43	17	36	47.2	47.2	13.2%	20.8%	11.3%	1.9%	41.5%	43.4
Klay Thompson	GSW	74	56	3.7%	0.77	43	19	50	38.0	38.0	5.4%	5.4%	3.6%	0.0%	39.3%	33.8
Kelly Olynyk	BOS	63	48	7.6%	0.88	42	16	32	50.0	50.0	16.7%	18.8%	10.4%	2.1%	45.8%	62.4
Nicolas Batum	CHA	66	57	5.2%	0.74	42	16	39	41.0	41.0	12.3%	21.1%	5.3%	1.8%	38.6%	29.7
Marvin Williams	CHA	74	36	4.5%	1.08	39	16	29	55.2	55.2	11.1%	8.3%	8.3%	2.8%	52.8%	95.4
Jerami Grant	PHI	71	43	5.6%	0.91	39	8	22	36.4	36.4	39.5%	11.6%	25.6%	2.3%	51.2%	71.2
Gerald Henderson	POR	67	46	7.6%	0.83	38	11	32	34.4	34.4	19.6%	10.9%	15.2%	0.0%	43.5%	46.1
David Lee	BOS	30	47	18.6%	0.79	37	17	40	42.5	42.5	4.3%	10.6%	4.3%	0.0%	40.4%	39.3
Mike Scott	ATL	66	35	8.2%	1.03	36	12	24	50.0	50.0	22.9%	11.4%	22.9%	2.9%	54.3%	90.0
Devin Booker	PHX	69	33	3.3%	1.06	35	11	24	45.8	45.8	24.2%	3.0%	15.2%	0.0%	57.6%	93.6
Steven Adams	OKC	74	37	6.8%	0.95	35	15	26	57.7	57.7	10.8%	18.9%	10.8%	0.0%	51.4%	77.6
Jon Leuer	PHX	63	41	7.5%	0.85	35	14	31	45.2	45.2	12.2%	12.2%	9.8%	0.0%	43.9%	56.2
Spencer Hawes	CHA	50	44	12.6%	0.80	35	15	35	42.9	42.9	9.1%	11.4%	9.1%	0.0%	40.9%	41.1
Paul George	IND	75	58	3.2%	0.60	35	9	37	24.3	24.3	19.0%	19.0%	19.0%	1.7%	32.8%	14.2
John Henson	MIL	49	48	13.3%	0.71	34	14	35	40.0	40.0	14.6%	14.6%	8.3%	2.1%	37.5%	25.6
Luol Deng	MIA	67	55	6.7%	0.62	34	14	44	31.8	31.8	7.3%	12.7%	7.3%	0.0%	32.7%	14.6
Lance Thomas	NYK	59	26	5.3%	1.23	32	11	18	61.1	61.1	30.8%	15.4%	30.8%	15.4%	57.7%	98.6
Marcus Smart	BOS	55	40	6.4%	0.80	32	13	34	38.2	38.2	10.0%	7.5%	10.0%	2.5%	40.0%	41.9
Marreese Speights	GSW	65	45	8.6%	0.71	32	11	32	34.4	34.4	20.0%	17.8%	17.8%	8.9%	35.6%	26.0
Gerald Green	MIA	63	17	2.7%	1.82	31	14	16	87.5	87.5	11.8%	0.0%	11.8%	5.9%	88.2%	100.0
Jae Crowder	BOS	67	31	3.4%	1.00	31	11	21	52.4	52.4	19.4%	12.9%	12.9%	0.0%	54.8%	87.2
PJ Tucker	PHX	75	59	8.7%	0.53	31	12	45	26.7	26.7	6.8%	16.9%	6.8%	0.0%	27.1%	9.6
Tyson Chandler	PHX	61	38	8.8%	0.79	30	11	23	47.8	47.8	13.2%	28.9%	5.3%	2.6%	39.5%	40.2
Markieff Morris	WAS	23	41	14.4%	0.73	30	14	31	45.2	45.2	4.9%	19.5%	2.4%	0.0%	39.0%	29.2
Terrence Jones	HOU	49	37	8.0%	0.78	29	11	30	36.7	36.7	16.2%	8.1%	13.5%	5.4%	37.8%	37.9
Miles Plumlee	MIL	48	28	11.2%	1.00	28	13	24	54.2	54.2	3.6%	10.7%	3.6%	0.0%	50.0%	87.2
Meyers Leonard	POR	61	31	5.8%	0.87	27	13	24	54.2	54.2	3.2%	19.4%	0.0%	0.0%	45.2%	61.5
Gordon Hayward	UTA	74	31	2.1%	0.87	27	9	24	37.5	37.5	22.6%	3.2%	16.1%	3.2%	45.2%	61.5
Rodney Hood	UTA	73	27	2.5%	0.96	26	8	16	50.0	50.0	18.5%	22.2%	18.5%	0.0%	48.1%	80.4
Tristan Thompson	CLE	76	33	5.9%	0.79	26	12	27	44.4	44.4	9.1%	9.1%	6.1%	0.0%	39.4%	39.7
Serge Ibaka	OKC	74	28	2.9%	0.89	25	8	20	40.0	40.0	17.9%	14.3%	14.3%	3.6%	42.9%	66.7
Chris Paul	LAC	69	20	1.5%	1.20	24	9	17	52.9	52.9	15.0%	0.0%	15.0%	0.0%	60.0%	98.2
Tobias Harris	DET	22	26	7.6%	0.92	24	11	22	50.0	50.0	11.5%	11.5%	11.5%	7.7%	46.2%	74.7
Kevin Garnett	MIN	38	26	18.6%	0.92	24	10	24	41.7	41.7	7.7%	0.0%	7.7%	0.0%	46.2%	74.7
Tiago Splitter	ATL	36	27	13.4%	0.89	24	10	23	43.5	43.5	7.4%	7.4%	7.4%	0.0%	44.4%	65.3
Zaza Pachulia	DAL	69	29	4.3%	0.83	24	8	18	44.4	44.4	17.2%	24.1%	13.8%	3.4%	41.4%	47.0
Kyle Anderson	SAS	66	31	9.0%	0.77	24	10	24	41.7	41.7	9.7%	16.1%	9.7%	3.2%	38.7%	35.2
Nikola Pekovic	MIN	12	36	52.2%	0.67	24	6	26	23.1	23.1	19.4%	8.3%	19.4%	0.0%	36.1%	18.6
Joe Johnson	MIA	17	16	7.7%	1.44	23	10	15	66.7	66.7	18.8%	0.0%	18.8%	12.5%	68.8%	99.5
Paul Pierce	LAC	64	27	6.2%	0.85	23	9	19	47.4	47.4	14.8%	18.5%	14.8%	3.7%	44.4%	55.0
Ersan Ilyasova	DET	52	27	4.4%	0.85	23	8	18	44.4	44.4	22.2%	11.1%	14.8%	0.0%	51.9%	55.0
Montrezl Harrell	HOU	29	19	15.2%	1.16	22	10	15	66.7	66.7	15.8%	10.5%	10.5%	5.3%	57.9%	96.8
Kyle Lowry	TOR	73	28	1.8%	0.79	22	7	21	33.3	33.3	14.3%	10.7%	14.3%	0.0%	39.3%	38.5
Chandler Parsons	DAL	61	25	3.1%	0.84	21	10	19	52.6	52.6	4.0%	20.0%	0.0%	0.0%	44.0%	50.9
Tyler Zeller	BOS	54	23	6.6%	0.87	20	6	15	40.0	40.0	21.7%	17.4%	17.4%	4.3%	43.5%	60.7
Josh Smith	LAC	32	24	9.9%	0.83	20	7	16	43.8	43.8	20.8%	12.5%	16.7%	0.0%	50.0%	48.6
Aaron Gordon	ORL	75	27	3.9%	0.74	20	7	18	38.9	38.9	18.5%	18.5%	14.8%	3.7%	40.7%	31.1
Ed Davis	POR	75	19	4.3%	1.00	19	9	16	56.3	56.3	5.3%	15.8%	5.3%	5.3%	47.4%	87.2
Adreian Payne	MIN	43	28	16.6%	0.68	19	6	18	33.3	33.3	17.9%	17.9%	10.7%	0.0%	39.3%	21.5
Johnny OBryant	MIL	55	17	7.6%	1.06	18	8	15	53.3	53.3	5.9%	5.9%	5.9%	0.0%	52.9%	92.7
Charlie Villanueva	DAL	54	23	6.6%	0.78	18	8	20	40.0	40.0	4.3%	8.7%	4.3%	0.0%	39.1%	37.2
Metta World Peace	LAL	31	32	17.2%	0.56	18	4	20	20.0	20.0	25.0%	12.5%	15.6%	0.0%	31.3%	11.9
Doug McDermott	CHI	74	19	2.8%	0.89	17	7	17	41.2	41.2	10.5%	0.0%	5.3%	0.0%	47.4%	68.0
Jeff Green	LAC	20	29	12.7%	0.59	17	5	20	25.0	25.0	13.8%	17.2%	13.8%	0.0%	31.0%	12.8
Stanley Johnson	DET	69	32	4.5%	0.53	17	7	23	30.4	30.4	6.3%	21.9%	3.1%	0.0%	28.1%	10.5
Kyrie Irving	CLE	49	20	2.0%	0.80	16	6	18	33.3	33.3	10.0%	0.0%	10.0%	0.0%	40.0%	41.9
Rudy Gobert	UTA	56	23	4.1%	0.70	16	5	12	41.7	41.7	17.4%	30.4%	13.0%	0.0%	39.1%	23.3
Alexis Ajinca	NOP	52	30	9.3%	0.53	16	8	27	29.6	29.6	0.0%	10.0%	0.0%	0.0%	26.7%	11.0
Michael Carter-Williams	MIL	54	37	4.7%	0.43	16	6	25	24.0	24.0	10.8%	24.3%	10.8%	2.7%	24.3%	5.5
Cody Zeller	CHA	67	15	2.6%	1.00	15	6	14	42.9	42.9	13.3%	0.0%	13.3%	6.7%	46.7%	87.2
Lavoy Allen	IND	71	35	8.1%	0.43	15	6	21	28.6	28.6	5.7%	34.3%	5.7%	0.0%	22.9%	5.0
Jeff Teague	ATL	74	13	1.0%	1.08	14	5	7	71.4	71.4	23.1%	30.8%	23.1%	7.7%	53.8%	94.5
Andrea Bargnani	BKN	45	14	4.3%	1.00	14	3	9	33.3	33.3	35.7%	7.1%	21.4%	7.1%	50.0%	87.2
David Lee	DAL	18	14	8.8%	1.00	14	6	11	54.5	54.5	7.1%	14.3%	7.1%	0.0%	50.0%	87.2
Kevin Martin	MIN	39	18	4.1%	0.78	14	5	14	35.7	35.7	11.1%	11.1%	11.1%	0.0%	38.9%	35.8
Vince Carter	MEM	54	21	6.0%	0.67	14	5	15	33.3	33.3	14.3%	19.0%	14.3%	4.8%	33.3%	18.6
Trevor Booker	UTA	73	17	3.5%	0.76	13	5	12	41.7	41.7	11.8%	23.5%	5.9%	5.9%	35.3%	33.0
Lance Stephenson	MEM	21	17	5.3%	0.76	13	5	13	38.5	38.5	17.6%	11.8%	17.6%	5.9%	41.2%	33.0
Willie Cauley-Stein	SAC	59	23	6.0%	0.57	13	6	17	35.3	35.3	4.3%	21.7%	4.3%	0.0%	30.4%	12.3
Omri Casspi	SAC	69	10	1.3%	1.20	12	3	6	50.0	50.0	30.0%	10.0%	30.0%	0.0%	60.0%	98.2
Dewayne Dedmon	ORL	48	13	6.0%	0.92	12	6	12	50.0	50.0	0.0%	7.7%	0.0%	0.0%	46.2%	74.7
Willie Reed	BKN	34	14	8.4%	0.86	12	5	10	50.0	50.0	21.4%	7.1%	21.4%	0.0%	42.9%	56.9
James Johnson	TOR	54	16	5.2%	0.75	12	5	10	50.0	50.0	12.5%	25.0%	12.5%	0.0%	43.8%	31.5
Jrue Holiday	NOP	65	17	1.4%	0.71	12	6	16	37.5	37.5	0.0%	5.9%	0.0%	0.0%	35.3%	25.1
Tayshaun Prince	MIN	71	18	7.1%	0.67	12	5	16	31.3	31.3	5.6%	5.6%	5.6%	0.0%	33.3%	18.6
Cole Aldrich	LAC	51	18	6.5%	0.67	12	4	11	36.4	36.4	16.7%	22.2%	16.7%	0.0%	38.9%	18.6
Clint Capela	HOU	70	23	4.5%	0.52	12	5	15	33.3	33.3	13.0%	21.7%	4.3%	0.0%	30.4%	8.3
Andrew Bogut	GSW	66	23	6.4%	0.52	12	6	18	33.3	33.3	0.0%	21.7%	0.0%	0.0%	26.1%	8.3
Channing Frye	CLE	20	10	7.8%	1.10	11	5	9	55.6	55.6	10.0%	10.0%	10.0%	10.0%	50.0%	95.9
Trey Lyles	UTA	71	11	2.4%	1.00	11	3	6	50.0	50.0	36.4%	18.2%	9.1%	9.1%	54.5%	87.2
JJ Hickson	DEN	18	14	9.2%	0.79	11	5	12	41.7	41.7	14.3%	0.0%	7.1%	0.0%	42.9%	38.5
John Wall	WAS	76	16	0.9%	0.69	11	4	12	33.3	33.3	12.5%	18.8%	12.5%	6.3%	31.3%	22.8
Maurice Harkless	POR	71	21	4.6%	0.52	11	5	14	35.7	35.7	9.5%	23.8%	9.5%	0.0%	28.6%	9.1
Emmanuel Mudiay	DEN	63	30	2.7%	0.37	11	5	24	20.8	20.8	6.7%	13.3%	6.7%	0.0%	20.0%	2.3
Jarell Martin	MEM	19	12	9.7%	0.83	10	4	9	44.4	44.4	8.3%	16.7%	8.3%	0.0%	41.7%	48.6
Richaun Holmes	PHI	50	12	4.2%	0.83	10	3	6	50.0	50.0	16.7%	33.3%	16.7%	0.0%	41.7%	48.6
Channing Frye	ORL	44	12	5.4%	0.83	10	4	7	57.1	57.1	8.3%	33.3%	8.3%	0.0%	41.7%	48.6
Jonas Jerebko	BOS	70	15	4.4%	0.67	10	3	11	27.3	27.3	13.3%	13.3%	6.7%	0.0%	33.3%	18.6
Bismack Biyombo	TOR	74	16	3.7%	0.63	10	5	13	38.5	38.5	0.0%	18.8%	0.0%	0.0%	31.3%	16.1
Robert Sacre	LAL	19	16	19.3%	0.63	10	3	12	25.0	25.0	18.8%	6.3%	12.5%	0.0%	37.5%	16.1
Justise Winslow	MIA	72	19	3.3%	0.53	10	4	14	28.6	28.6	10.5%	15.8%	10.5%	0.0%	31.6%	10.0
Tony Allen	MEM	61	14	2.5%	0.64	9	4	12	33.3	33.3	7.1%	14.3%	7.1%	7.1%	28.6%	17.1
Kendrick Perkins	NOP	28	14	16.5%	0.64	9	4	8	50.0	50.0	7.1%	35.7%	0.0%	0.0%	35.7%	17.1
Ryan Kelly	LAL	29	14	8.6%	0.64	9	3	10	30.0	30.0	21.4%	14.3%	21.4%	7.1%	35.7%	17.1
Noah Vonleh	POR	71	24	7.3%	0.38	9	4	22	18.2	18.2	4.2%	4.2%	4.2%	0.0%	20.8%	2.7
Henry Sims	BKN	8	10	21.3%	0.80	8	3	9	33.3	33.3	10.0%	0.0%	10.0%	0.0%	40.0%	41.9
George Hill	IND	68	11	1.3%	0.73	8	3	8	37.5	37.5	18.2%	18.2%	18.2%	9.1%	36.4%	28.0
ETwaun Moore	CHI	57	11	2.5%	0.73	8	4	9	44.4	44.4	0.0%	18.2%	0.0%	0.0%	36.4%	28.0
Al Farouq Aminu	POR	76	17	2.0%	0.47	8	4	10	40.0	40.0	0.0%	41.2%	0.0%	0.0%	23.5%	6.9
Matt Barnes	MEM	70	17	2.2%	0.47	8	3	11	27.3	27.3	17.6%	23.5%	17.6%	5.9%	23.5%	6.9
Tarik Black	LAL	31	10	8.8%	0.70	7	3	8	37.5	37.5	10.0%	10.0%	10.0%	0.0%	40.0%	23.9
Otto Porter Jr.	WAS	69	10	1.3%	0.70	7	3	8	37.5	37.5	10.0%	10.0%	10.0%	0.0%	40.0%	23.9
Jordan Clarkson	LAL	72	10	0.8%	0.60	6	2	7	28.6	28.6	10.0%	20.0%	10.0%	0.0%	30.0%	13.3
Joakim Noah	CHI	29	10	4.9%	0.60	6	3	9	33.3	33.3	0.0%	10.0%	0.0%	0.0%	30.0%	13.3
Eric Bledsoe	PHX	32	11	1.6%	0.55	6	3	9	33.3	33.3	9.1%	9.1%	9.1%	0.0%	27.3%	11.4
Andre Iguodala	GSW	60	13	2.9%	0.46	6	3	9	33.3	33.3	0.0%	30.8%	0.0%	0.0%	23.1%	6.0
Patrick Patterson	TOR	73	13	2.5%	0.46	6	3	10	30.0	30.0	0.0%	23.1%	0.0%	0.0%	23.1%	6.0
Thomas Robinson	BKN	62	18	5.2%	0.33	6	3	12	25.0	25.0	5.6%	27.8%	5.6%	0.0%	16.7%	1.4
Ersan Ilyasova	ORL	18	10	6.6%	0.50	5	1	6	16.7	16.7	20.0%	20.0%	20.0%	0.0%	30.0%	7.8
JR Smith	CLE	72	12	1.4%	0.42	5	2	9	22.2	22.2	8.3%	16.7%	8.3%	0.0%	25.0%	4.6
JaVale McGee	DAL	33	13	7.6%	0.38	5	2	9	22.2	22.2	7.7%	23.1%	7.7%	0.0%	23.1%	3.2
Jason Smith	ORL	69	13	2.4%	0.38	5	2	10	20.0	20.0	7.7%	15.4%	7.7%	0.0%	23.1%	3.2
OJ Mayo	MIL	41	10	2.4%	0.40	4	1	9	11.1	11.1	10.0%	0.0%	10.0%	0.0%	20.0%	4.1
Josh Smith	HOU	18	10	5.5%	0.30	3	1	5	20.0	20.0	10.0%	40.0%	10.0%	0.0%	20.0%	0.9
Will Barton	DEN	77	10	0.9%	0.20	2	1	7	14.3	14.3	0.0%	30.0%	0.0%	0.0%	10.0%	0.5
Anderson Varejao	CLE	31	10	9.8%	0.10	1	0	6	0.0	0.0	10.0%	30.0%	10.0%	0.0%	10.0%	0.0
