"","person_id","display_last_comma_first","display_first_last","rosterstatus","from_year","to_year","playercode","team_id","team_city","team_name","team_abbreviation","team_code","games_played_flag","name"
"1",203112,"Acy, Quincy","Quincy Acy",TRUE,2012,2015,"quincy_acy",1610612758,"Sacramento","Kings","SAC","kings","Y","Quincy Acy"
"2",203919,"Adams, Jordan","Jordan Adams",TRUE,2014,2015,"jordan_adams",1610612763,"Memphis","Grizzlies","MEM","grizzlies","Y","Jordan Adams"
"3",203500,"Adams, Steven","Steven Adams",TRUE,2013,2015,"steven_adams",1610612760,"Oklahoma City","Thunder","OKC","thunder","Y","Steven Adams"
"4",201167,"Afflalo, Arron","Arron Afflalo",TRUE,2007,2015,"arron_afflalo",1610612752,"New York","Knicks","NYK","knicks","Y","Arron Afflalo"
"5",201582,"Ajinca, Alexis","Alexis Ajinca",TRUE,2008,2015,"alexis_ajinca",1610612740,"New Orleans","Pelicans","NOP","pelicans","Y","Alexis Ajinca"
"6",202332,"Aldrich, Cole","Cole Aldrich",TRUE,2010,2015,"cole_aldrich",1610612746,"Los Angeles","Clippers","LAC","clippers","Y","Cole Aldrich"
"7",200746,"Aldridge, LaMarcus","LaMarcus Aldridge",TRUE,2006,2015,"lamarcus_aldridge",1610612759,"San Antonio","Spurs","SAS","spurs","Y","LaMarcus Aldridge"
"8",1626146,"Alexander, Cliff","Cliff Alexander",TRUE,2015,2015,"cliff_alexander",1610612757,"Portland","Trail Blazers","POR","blazers","Y","Cliff Alexander"
"9",202730,"Allen, Lavoy","Lavoy Allen",TRUE,2011,2015,"lavoy_allen",1610612754,"Indiana","Pacers","IND","pacers","Y","Lavoy Allen"
"10",2754,"Allen, Tony","Tony Allen",TRUE,2004,2015,"tony_allen",1610612763,"Memphis","Grizzlies","MEM","grizzlies","Y","Tony Allen"
"11",202329,"Aminu, Al-Farouq","Al-Farouq Aminu",TRUE,2010,2015,"al-farouq_aminu",1610612757,"Portland","Trail Blazers","POR","blazers","Y","Al-Farouq Aminu"
"12",200811,"Amundson, Lou","Lou Amundson",TRUE,2006,2015,"lou_amundson",1610612752,"New York","Knicks","NYK","knicks","Y","Lou Amundson"
"13",2365,"Andersen, Chris","Chris Andersen",TRUE,2001,2015,"chris_andersen",1610612763,"Memphis","Grizzlies","MEM","grizzlies","Y","Chris Andersen"
"14",101187,"Anderson, Alan","Alan Anderson",TRUE,2005,2015,"alan_anderson",1610612764,"Washington","Wizards","WAS","wizards","Y","Alan Anderson"
"15",202341,"Anderson, James","James Anderson",TRUE,2010,2015,"james_anderson",1610612758,"Sacramento","Kings","SAC","kings","Y","James Anderson"
"16",1626147,"Anderson, Justin","Justin Anderson",TRUE,2015,2015,"justin_anderson",1610612742,"Dallas","Mavericks","DAL","mavericks","Y","Justin Anderson"
"17",203937,"Anderson, Kyle","Kyle Anderson",TRUE,2014,2015,"kyle_anderson",1610612759,"San Antonio","Spurs","SAS","spurs","Y","Kyle Anderson"
"18",201583,"Anderson, Ryan","Ryan Anderson",TRUE,2008,2015,"ryan_j_anderson",1610612740,"New Orleans","Pelicans","NOP","pelicans","Y","Ryan Anderson"
"19",203507,"Antetokounmpo, Giannis","Giannis Antetokounmpo",TRUE,2013,2015,"giannis_antetokounmpo",1610612749,"Milwaukee","Bucks","MIL","bucks","Y","Giannis Antetokounmpo"
"20",203648,"Antetokounmpo, Thanasis","Thanasis Antetokounmpo",TRUE,2015,2015,"thanasis_antetokounmpo",1610612752,"New York","Knicks","NYK","knicks","Y","Thanasis Antetokounmpo"
"21",2546,"Anthony, Carmelo","Carmelo Anthony",TRUE,2003,2015,"carmelo_anthony",1610612752,"New York","Knicks","NYK","knicks","Y","Carmelo Anthony"
"22",201202,"Anthony, Joel","Joel Anthony",TRUE,2007,2015,"joel_anthony",1610612765,"Detroit","Pistons","DET","pistons","Y","Joel Anthony"
"23",203951,"Appling, Keith","Keith Appling",FALSE,2015,2015,"keith_appling",0,"","","","","Y","Keith Appling"
"24",2772,"Ariza, Trevor","Trevor Ariza",TRUE,2004,2015,"trevor_ariza",1610612745,"Houston","Rockets","HOU","rockets","Y","Trevor Ariza"
"25",201589,"Arthur, Darrell","Darrell Arthur",TRUE,2008,2015,"darrell_arthur",1610612743,"Denver","Nuggets","DEN","nuggets","Y","Darrell Arthur"
"26",201600,"Asik, Omer","Omer Asik",TRUE,2010,2015,"omer_asik",1610612740,"New Orleans","Pelicans","NOP","pelicans","Y","Omer Asik"
"27",201571,"Augustin, D.J.","D.J. Augustin",TRUE,2008,2015,"dj_augustin",1610612743,"Denver","Nuggets","DEN","nuggets","Y","D.J. Augustin"
"28",201965,"Ayres, Jeff","Jeff Ayres",TRUE,2009,2015,"jeff_ayres",1610612746,"Los Angeles","Clippers","LAC","clippers","Y","Jeff Ayres"
"29",202337,"Babbitt, Luke","Luke Babbitt",TRUE,2010,2015,"luke_babbitt",1610612740,"New Orleans","Pelicans","NOP","pelicans","Y","Luke Babbitt"
"30",203946,"Bairstow, Cameron","Cameron Bairstow",TRUE,2014,2015,"cameron_bairstow",1610612741,"Chicago","Bulls","CHI","bulls","Y","Cameron Bairstow"
"31",2571,"Barbosa, Leandro","Leandro Barbosa",TRUE,2003,2015,"leandro_barbosa",1610612744,"Golden State","Warriors","GSW","warriors","Y","Leandro Barbosa"
"32",200826,"Barea, Jose Juan","Jose Juan Barea",TRUE,2006,2015,"jose_barea",1610612742,"Dallas","Mavericks","DAL","mavericks","Y","Jose Juan Barea"
"33",200745,"Bargnani, Andrea","Andrea Bargnani",FALSE,2006,2015,"andrea_bargnani",0,"","","","","Y","Andrea Bargnani"
"34",203084,"Barnes, Harrison","Harrison Barnes",TRUE,2012,2015,"harrison_barnes",1610612744,"Golden State","Warriors","GSW","warriors","Y","Harrison Barnes"
"35",2440,"Barnes, Matt","Matt Barnes",TRUE,2002,2015,"matt_barnes",1610612763,"Memphis","Grizzlies","MEM","grizzlies","Y","Matt Barnes"
"36",203115,"Barton, Will","Will Barton",TRUE,2012,2015,"will_barton",1610612743,"Denver","Nuggets","DEN","nuggets","Y","Will Barton"
"37",101138,"Bass, Brandon","Brandon Bass",TRUE,2005,2015,"brandon_bass",1610612747,"Los Angeles","Lakers","LAL","lakers","Y","Brandon Bass"
"38",201587,"Batum, Nicolas","Nicolas Batum",TRUE,2008,2015,"nicolas_batum",1610612766,"Charlotte","Hornets","CHA","hornets","Y","Nicolas Batum"
"39",201573,"Bayless, Jerryd","Jerryd Bayless",TRUE,2008,2015,"jerryd_bayless",1610612749,"Milwaukee","Bucks","MIL","bucks","Y","Jerryd Bayless"
"40",203382,"Baynes, Aron","Aron Baynes",TRUE,2012,2015,"aron_baynes",1610612765,"Detroit","Pistons","DET","pistons","Y","Aron Baynes"
"41",203145,"Bazemore, Kent","Kent Bazemore",TRUE,2012,2015,"kent_bazemore",1610612737,"Atlanta","Hawks","ATL","hawks","Y","Kent Bazemore"
"42",203078,"Beal, Bradley","Bradley Beal",TRUE,2012,2015,"bradley_beal",1610612764,"Washington","Wizards","WAS","wizards","Y","Bradley Beal"
"43",201563,"Beasley, Michael","Michael Beasley",TRUE,2008,2015,"michael_beasley",1610612745,"Houston","Rockets","HOU","rockets","Y","Michael Beasley"
"44",201158,"Belinelli, Marco","Marco Belinelli",TRUE,2007,2015,"marco_belinelli",1610612758,"Sacramento","Kings","SAC","kings","Y","Marco Belinelli"
"45",203461,"Bennett, Anthony","Anthony Bennett",FALSE,2013,2015,"anthony_bennett",0,"","","","","Y","Anthony Bennett"
"46",201976,"Beverley, Patrick","Patrick Beverley",TRUE,2012,2015,"patrick_beverley",1610612745,"Houston","Rockets","HOU","rockets","Y","Patrick Beverley"
"47",202687,"Biyombo, Bismack","Bismack Biyombo",TRUE,2011,2015,"bismack_biyombo",1610612761,"Toronto","Raptors","TOR","raptors","Y","Bismack Biyombo"
"48",202357,"Bjelica, Nemanja","Nemanja Bjelica",TRUE,2015,2015,"nemanja_bjelica",1610612750,"Minnesota","Timberwolves","MIN","timberwolves","Y","Nemanja Bjelica"
"49",204028,"Black, Tarik","Tarik Black",TRUE,2014,2015,"tarik_black",1610612747,"Los Angeles","Lakers","LAL","lakers","Y","Tarik Black"
"50",201971,"Blair, DeJuan","DeJuan Blair",FALSE,2009,2015,"dejuan_blair",0,"","","","","Y","DeJuan Blair"
"51",2581,"Blake, Steve","Steve Blake",TRUE,2003,2015,"steve_blake",1610612765,"Detroit","Pistons","DET","pistons","Y","Steve Blake"
"52",202339,"Bledsoe, Eric","Eric Bledsoe",TRUE,2010,2015,"eric_bledsoe",1610612756,"Phoenix","Suns","PHX","suns","Y","Eric Bledsoe"
"53",202711,"Bogdanovic, Bojan","Bojan Bogdanovic",TRUE,2014,2015,"bojan_bogdanovic",1610612751,"Brooklyn","Nets","BKN","nets","Y","Bojan Bogdanovic"
"54",101106,"Bogut, Andrew","Andrew Bogut",TRUE,2005,2015,"andrew_bogut",1610612744,"Golden State","Warriors","GSW","warriors","Y","Andrew Bogut"
"55",2588,"Bonner, Matt","Matt Bonner",TRUE,2004,2015,"matt_bonner",1610612759,"San Antonio","Spurs","SAS","spurs","Y","Matt Bonner"
"56",1626164,"Booker, Devin","Devin Booker",TRUE,2015,2015,"devin_booker",1610612756,"Phoenix","Suns","PHX","suns","Y","Devin Booker"
"57",202344,"Booker, Trevor","Trevor Booker",TRUE,2010,2015,"trevor_booker",1610612762,"Utah","Jazz","UTA","jazz","Y","Trevor Booker"
"58",2547,"Bosh, Chris","Chris Bosh",TRUE,2003,2015,"chris_bosh",1610612748,"Miami","Heat","MIA","heat","Y","Chris Bosh"
"59",202340,"Bradley, Avery","Avery Bradley",TRUE,2010,2015,"avery_bradley",1610612738,"Boston","Celtics","BOS","celtics","Y","Avery Bradley"
"60",1882,"Brand, Elton","Elton Brand",TRUE,1999,2015,"elton_brand",1610612755,"Philadelphia","76ers","PHI","sixers","Y","Elton Brand"
"61",201147,"Brewer, Corey","Corey Brewer",TRUE,2007,2015,"corey_brewer",1610612745,"Houston","Rockets","HOU","rockets","Y","Corey Brewer"
"62",201166,"Brooks, Aaron","Aaron Brooks",TRUE,2007,2015,"aaron_brooks",1610612741,"Chicago","Bulls","CHI","bulls","Y","Aaron Brooks"
"63",1626148,"Brown, Anthony","Anthony Brown",TRUE,2015,2015,"anthony_brown",1610612747,"Los Angeles","Lakers","LAL","lakers","Y","Anthony Brown"
"64",203485,"Brown, Lorenzo","Lorenzo Brown",TRUE,2013,2015,"lorenzo_brown",1610612765,"Detroit","Pistons","DET","pistons","Y","Lorenzo Brown"
"65",203900,"Brown, Markel","Markel Brown",TRUE,2014,2015,"markel_brown",1610612751,"Brooklyn","Nets","BKN","nets","Y","Markel Brown"
"66",977,"Bryant, Kobe","Kobe Bryant",TRUE,1996,2015,"kobe_bryant",1610612747,"Los Angeles","Lakers","LAL","lakers","Y","Kobe Bryant"
"67",201978,"Budinger, Chase","Chase Budinger",TRUE,2009,2015,"chase_budinger",1610612756,"Phoenix","Suns","PHX","suns","Y","Chase Budinger"
"68",203493,"Bullock, Reggie","Reggie Bullock",TRUE,2013,2015,"reggie_bullock",1610612765,"Detroit","Pistons","DET","pistons","Y","Reggie Bullock"
"69",203504,"Burke, Trey","Trey Burke",TRUE,2013,2015,"trey_burke",1610612762,"Utah","Jazz","UTA","jazz","Y","Trey Burke"
"70",202692,"Burks, Alec","Alec Burks",TRUE,2011,2015,"alec_burks",1610612762,"Utah","Jazz","UTA","jazz","Y","Alec Burks"
"71",2406,"Butler, Caron","Caron Butler",TRUE,2002,2015,"caron_butler",1610612758,"Sacramento","Kings","SAC","kings","Y","Caron Butler"
"72",202710,"Butler, Jimmy","Jimmy Butler",TRUE,2011,2015,"jimmy_butler",1610612741,"Chicago","Bulls","CHI","bulls","Y","Jimmy Butler"
"73",2446,"Butler, Rasual","Rasual Butler",FALSE,2002,2015,"rasual_butler",0,"","","","","Y","Rasual Butler"
"74",203998,"Caboclo, Bruno","Bruno Caboclo",TRUE,2014,2015,"bruno_caboclo",1610612761,"Toronto","Raptors","TOR","raptors","Y","Bruno Caboclo"
"75",101181,"Calderon, Jose","Jose Calderon",TRUE,2005,2015,"jose_calderon",1610612752,"New York","Knicks","NYK","knicks","Y","Jose Calderon"
"76",203484,"Caldwell-Pope, Kentavious","Kentavious Caldwell-Pope",TRUE,2013,2015,"kentavious_caldwell-pope",1610612765,"Detroit","Pistons","DET","pistons","Y","Kentavious Caldwell-Pope"
"77",203477,"Canaan, Isaiah","Isaiah Canaan",TRUE,2013,2015,"isaiah_canaan",1610612755,"Philadelphia","76ers","PHI","sixers","Y","Isaiah Canaan"
"78",203991,"Capela, Clint","Clint Capela",TRUE,2014,2015,"clint_capela",1610612745,"Houston","Rockets","HOU","rockets","Y","Clint Capela"
"79",201960,"Carroll, DeMarre","DeMarre Carroll",TRUE,2009,2015,"demarre_carroll",1610612761,"Toronto","Raptors","TOR","raptors","Y","DeMarre Carroll"
"80",1713,"Carter, Vince","Vince Carter",TRUE,1998,2015,"vince_carter",1610612763,"Memphis","Grizzlies","MEM","grizzlies","Y","Vince Carter"
"81",203487,"Carter-Williams, Michael","Michael Carter-Williams",TRUE,2013,2015,"michael_carter-williams",1610612749,"Milwaukee","Bucks","MIL","bucks","Y","Michael Carter-Williams"
"82",201956,"Casspi, Omri","Omri Casspi",TRUE,2009,2015,"omri_casspi",1610612758,"Sacramento","Kings","SAC","kings","Y","Omri Casspi"
"83",1626161,"Cauley-Stein, Willie","Willie Cauley-Stein",TRUE,2015,2015,"willie_cauley-stein",1610612758,"Sacramento","Kings","SAC","kings","Y","Willie Cauley-Stein"
"84",201596,"Chalmers, Mario","Mario Chalmers",FALSE,2008,2015,"mario_chalmers",0,"","","","","Y","Mario Chalmers"
"85",2199,"Chandler, Tyson","Tyson Chandler",TRUE,2001,2015,"tyson_chandler",1610612756,"Phoenix","Suns","PHX","suns","Y","Tyson Chandler"
"86",201163,"Chandler, Wilson","Wilson Chandler",TRUE,2007,2015,"wilson_chandler",1610612743,"Denver","Nuggets","DEN","nuggets","Y","Wilson Chandler"
"87",1626176,"Christmas, Rakeem","Rakeem Christmas",TRUE,2015,2015,"rakeem_christmas",1610612754,"Indiana","Pacers","IND","pacers","Y","Rakeem Christmas"
"88",203546,"Clark, Ian","Ian Clark",TRUE,2013,2015,"ian_clark",1610612744,"Golden State","Warriors","GSW","warriors","Y","Ian Clark"
"89",1626262,"Clarke, Coty","Coty Clarke",FALSE,2015,2015,"coty_clarke",0,"","","","","Y","Coty Clarke"
"90",203903,"Clarkson, Jordan","Jordan Clarkson",TRUE,2014,2015,"jordan_clarkson",1610612747,"Los Angeles","Lakers","LAL","lakers","Y","Jordan Clarkson"
"91",202708,"Cole, Norris","Norris Cole",TRUE,2011,2015,"norris_cole",1610612740,"New Orleans","Pelicans","NOP","pelicans","Y","Norris Cole"
"92",201954,"Collison, Darren","Darren Collison",TRUE,2009,2015,"darren_collison",1610612758,"Sacramento","Kings","SAC","kings","Y","Darren Collison"
"93",2555,"Collison, Nick","Nick Collison",TRUE,2003,2015,"nick_collison",1610612760,"Oklahoma City","Thunder","OKC","thunder","Y","Nick Collison"
"94",201144,"Conley, Mike","Mike Conley",TRUE,2007,2015,"mike_conley",1610612763,"Memphis","Grizzlies","MEM","grizzlies","Y","Mike Conley"
"95",1626192,"Connaughton, Pat","Pat Connaughton",TRUE,2015,2015,"pat_connaughton",1610612757,"Portland","Trail Blazers","POR","blazers","Y","Pat Connaughton"
"96",203142,"Copeland, Chris","Chris Copeland",FALSE,2012,2015,"chris_copeland",0,"","","","","Y","Chris Copeland"
"97",203955,"Cotton, Bryce","Bryce Cotton",TRUE,2014,2015,"bryce_cotton",1610612763,"Memphis","Grizzlies","MEM","grizzlies","Y","Bryce Cotton"
"98",202326,"Cousins, DeMarcus","DeMarcus Cousins",TRUE,2010,2015,"demarcus_cousins",1610612758,"Sacramento","Kings","SAC","kings","Y","DeMarcus Cousins"
"99",203496,"Covington, Robert","Robert Covington",TRUE,2013,2015,"robert_covington",1610612755,"Philadelphia","76ers","PHI","sixers","Y","Robert Covington"
"100",203459,"Crabbe, Allen","Allen Crabbe",TRUE,2013,2015,"allen_crabbe",1610612757,"Portland","Trail Blazers","POR","blazers","Y","Allen Crabbe"
"101",2037,"Crawford, Jamal","Jamal Crawford",TRUE,2000,2015,"jamal_crawford",1610612746,"Los Angeles","Clippers","LAC","clippers","Y","Jamal Crawford"
"102",203109,"Crowder, Jae","Jae Crowder",TRUE,2012,2015,"jae_crowder",1610612738,"Boston","Celtics","BOS","celtics","Y","Jae Crowder"
"103",201967,"Cunningham, Dante","Dante Cunningham",TRUE,2009,2015,"dante_cunningham",1610612740,"New Orleans","Pelicans","NOP","pelicans","Y","Dante Cunningham"
"104",203099,"Cunningham, Jared","Jared Cunningham",TRUE,2012,2015,"jared_cunningham",1610612749,"Milwaukee","Bucks","MIL","bucks","Y","Jared Cunningham"
"105",203552,"Curry, Seth","Seth Curry",TRUE,2013,2015,"seth_curry",1610612758,"Sacramento","Kings","SAC","kings","Y","Seth Curry"
"106",201939,"Curry, Stephen","Stephen Curry",TRUE,2009,2015,"stephen_curry",1610612744,"Golden State","Warriors","GSW","warriors","Y","Stephen Curry"
"107",203584,"Daniels, Troy","Troy Daniels",TRUE,2013,2015,"troy_daniels",1610612766,"Charlotte","Hornets","CHA","hornets","Y","Troy Daniels"
"108",203076,"Davis, Anthony","Anthony Davis",TRUE,2012,2015,"anthony_davis",1610612740,"New Orleans","Pelicans","NOP","pelicans","Y","Anthony Davis"
"109",202334,"Davis, Ed","Ed Davis",TRUE,2010,2015,"ed_davis",1610612757,"Portland","Trail Blazers","POR","blazers","Y","Ed Davis"
"110",1626183,"Dawson, Branden","Branden Dawson",TRUE,2015,2015,"branden_dawson",1610612746,"Los Angeles","Clippers","LAC","clippers","Y","Branden Dawson"
"111",201942,"DeRozan, DeMar","DeMar DeRozan",TRUE,2009,2015,"demar_derozan",1610612761,"Toronto","Raptors","TOR","raptors","Y","DeMar DeRozan"
"112",203473,"Dedmon, Dewayne","Dewayne Dedmon",TRUE,2013,2015,"dewayne_dedmon",1610612753,"Orlando","Magic","ORL","magic","Y","Dewayne Dedmon"
"113",1626214,"Dejean-Jones, Bryce","Bryce Dejean-Jones",TRUE,2015,2015,"bryce_dejean-jones",1610612740,"New Orleans","Pelicans","NOP","pelicans","Y","Bryce Dejean-Jones"
"114",1626155,"Dekker, Sam","Sam Dekker",TRUE,2015,2015,"sam_dekker",1610612745,"Houston","Rockets","HOU","rockets","Y","Sam Dekker"
"115",203521,"Dellavedova, Matthew","Matthew Dellavedova",TRUE,2013,2015,"matthew_dellavedova",1610612739,"Cleveland","Cavaliers","CLE","cavaliers","Y","Matthew Dellavedova"
"116",2736,"Deng, Luol","Luol Deng",TRUE,2004,2015,"luol_deng",1610612748,"Miami","Heat","MIA","heat","Y","Luol Deng"
"117",2564,"Diaw, Boris","Boris Diaw",TRUE,2003,2015,"boris_diaw",1610612759,"San Antonio","Spurs","SAS","spurs","Y","Boris Diaw"
"118",203476,"Dieng, Gorgui","Gorgui Dieng",TRUE,2013,2015,"gorgui_dieng",1610612750,"Minnesota","Timberwolves","MIN","timberwolves","Y","Gorgui Dieng"
"119",203915,"Dinwiddie, Spencer","Spencer Dinwiddie",TRUE,2014,2015,"spencer_dinwiddie",1610612765,"Detroit","Pistons","DET","pistons","Y","Spencer Dinwiddie"
"120",201962,"Douglas, Toney","Toney Douglas",TRUE,2009,2015,"toney_douglas",1610612740,"New Orleans","Pelicans","NOP","pelicans","Y","Toney Douglas"
"121",201609,"Dragic, Goran","Goran Dragic",TRUE,2008,2015,"goran_dragic",1610612748,"Miami","Heat","MIA","heat","Y","Goran Dragic"
"122",203083,"Drummond, Andre","Andre Drummond",TRUE,2012,2015,"andre_drummond",1610612765,"Detroit","Pistons","DET","pistons","Y","Andre Drummond"
"123",201162,"Dudley, Jared","Jared Dudley",TRUE,2007,2015,"jared_dudley",1610612764,"Washington","Wizards","WAS","wizards","Y","Jared Dudley"
"124",1626251,"Dukan, Duje","Duje Dukan",TRUE,2015,2015,"duje_dukan",1610612758,"Sacramento","Kings","SAC","kings","Y","Duje Dukan"
"125",1495,"Duncan, Tim","Tim Duncan",TRUE,1997,2015,"tim_duncan",1610612759,"San Antonio","Spurs","SAS","spurs","Y","Tim Duncan"
"126",2399,"Dunleavy, Mike","Mike Dunleavy",TRUE,2002,2015,"mike_dunleavy",1610612741,"Chicago","Bulls","CHI","bulls","Y","Mike Dunleavy"
"127",201142,"Durant, Kevin","Kevin Durant",TRUE,2007,2015,"kevin_durant",1610612760,"Oklahoma City","Thunder","OKC","thunder","Y","Kevin Durant"
"128",203921,"Early, Cleanthony","Cleanthony Early",TRUE,2014,2015,"cleanthony_early",1610612752,"New York","Knicks","NYK","knicks","Y","Cleanthony Early"
"129",204067,"Eddie, Jarell","Jarell Eddie",TRUE,2015,2015,"jarell_eddie",1610612764,"Washington","Wizards","WAS","wizards","Y","Jarell Eddie"
"130",201961,"Ellington, Wayne","Wayne Ellington",TRUE,2009,2015,"wayne_ellington",1610612751,"Brooklyn","Nets","BKN","nets","Y","Wayne Ellington"
"131",101145,"Ellis, Monta","Monta Ellis",TRUE,2005,2015,"monta_ellis",1610612754,"Indiana","Pacers","IND","pacers","Y","Monta Ellis"
"132",203954,"Embiid, Joel","Joel Embiid",TRUE,2014,2015,"joel_embiid",1610612755,"Philadelphia","76ers","PHI","sixers","N","Joel Embiid"
"133",203516,"Ennis, James","James Ennis",TRUE,2014,2015,"james_ennis",1610612740,"New Orleans","Pelicans","NOP","pelicans","Y","James Ennis"
"134",203898,"Ennis, Tyler","Tyler Ennis",TRUE,2014,2015,"tyler_ennis",1610612749,"Milwaukee","Bucks","MIL","bucks","Y","Tyler Ennis"
"135",202379,"Evans, Jeremy","Jeremy Evans",TRUE,2010,2015,"jeremy_evans",1610612742,"Dallas","Mavericks","DAL","mavericks","Y","Jeremy Evans"
"136",201936,"Evans, Tyreke","Tyreke Evans",TRUE,2009,2015,"tyreke_evans",1610612740,"New Orleans","Pelicans","NOP","pelicans","Y","Tyreke Evans"
"137",203957,"Exum, Dante","Dante Exum",TRUE,2014,2015,"dante_exum",1610612762,"Utah","Jazz","UTA","jazz","Y","Dante Exum"
"138",203105,"Ezeli, Festus","Festus Ezeli",TRUE,2012,2015,"festus_ezeli",1610612744,"Golden State","Warriors","GSW","warriors","Y","Festus Ezeli"
"139",202702,"Faried, Kenneth","Kenneth Faried",TRUE,2011,2015,"kenneth_faried",1610612743,"Denver","Nuggets","DEN","nuggets","Y","Kenneth Faried"
"140",200770,"Farmar, Jordan","Jordan Farmar",TRUE,2006,2015,"jordan_farmar",1610612763,"Memphis","Grizzlies","MEM","grizzlies","Y","Jordan Farmar"
"141",202324,"Favors, Derrick","Derrick Favors",TRUE,2010,2015,"derrick_favors",1610612762,"Utah","Jazz","UTA","jazz","Y","Derrick Favors"
"142",1626245,"Felicio, Cristiano","Cristiano Felicio",TRUE,2015,2015,"cristiano_felicio",1610612741,"Chicago","Bulls","CHI","bulls","Y","Cristiano Felicio"
"143",101109,"Felton, Raymond","Raymond Felton",TRUE,2005,2015,"raymond_felton",1610612742,"Dallas","Mavericks","DAL","mavericks","Y","Raymond Felton"
"144",203095,"Fournier, Evan","Evan Fournier",TRUE,2012,2015,"evan_fournier",1610612753,"Orlando","Magic","ORL","magic","Y","Evan Fournier"
"145",200751,"Foye, Randy","Randy Foye",TRUE,2006,2015,"randy_foye",1610612760,"Oklahoma City","Thunder","OKC","thunder","Y","Randy Foye"
"146",204025,"Frazier, Tim","Tim Frazier",TRUE,2014,2015,"tim_frazier",1610612740,"New Orleans","Pelicans","NOP","pelicans","Y","Tim Frazier"
"147",202690,"Fredette, Jimmer","Jimmer Fredette",FALSE,2011,2015,"jimmer_fredette",0,"","","","","Y","Jimmer Fredette"
"148",101112,"Frye, Channing","Channing Frye",TRUE,2005,2015,"channing_frye",1610612739,"Cleveland","Cavaliers","CLE","cavaliers","Y","Channing Frye"
"149",201568,"Gallinari, Danilo","Danilo Gallinari",TRUE,2008,2015,"danilo_gallinari",1610612743,"Denver","Nuggets","DEN","nuggets","Y","Danilo Gallinari"
"150",204038,"Galloway, Langston","Langston Galloway",TRUE,2014,2015,"langston_galloway",1610612752,"New York","Knicks","NYK","knicks","Y","Langston Galloway"
"151",708,"Garnett, Kevin","Kevin Garnett",TRUE,1995,2015,"kevin_garnett",1610612750,"Minnesota","Timberwolves","MIN","timberwolves","Y","Kevin Garnett"
"152",201188,"Gasol, Marc","Marc Gasol",TRUE,2008,2015,"marc_gasol",1610612763,"Memphis","Grizzlies","MEM","grizzlies","Y","Marc Gasol"
"153",2200,"Gasol, Pau","Pau Gasol",TRUE,2001,2015,"pau_gasol",1610612741,"Chicago","Bulls","CHI","bulls","Y","Pau Gasol"
"154",200752,"Gay, Rudy","Rudy Gay",TRUE,2006,2015,"rudy_gay",1610612758,"Sacramento","Kings","SAC","kings","Y","Rudy Gay"
"155",202087,"Gee, Alonzo","Alonzo Gee",TRUE,2009,2015,"alonzo_gee",1610612740,"New Orleans","Pelicans","NOP","pelicans","Y","Alonzo Gee"
"156",202331,"George, Paul","Paul George",TRUE,2010,2015,"paul_george",1610612754,"Indiana","Pacers","IND","pacers","Y","Paul George"
"157",201959,"Gibson, Taj","Taj Gibson",TRUE,2009,2015,"taj_gibson",1610612741,"Chicago","Bulls","CHI","bulls","Y","Taj Gibson"
"158",1938,"Ginobili, Manu","Manu Ginobili",TRUE,2002,2015,"emanuel_ginobili",1610612759,"San Antonio","Spurs","SAS","spurs","Y","Manu Ginobili"
"159",203497,"Gobert, Rudy","Rudy Gobert",TRUE,2013,2015,"rudy_gobert",1610612762,"Utah","Jazz","UTA","jazz","Y","Rudy Gobert"
"160",2400,"Gooden, Drew","Drew Gooden",TRUE,2002,2015,"drew_gooden",1610612764,"Washington","Wizards","WAS","wizards","Y","Drew Gooden"
"161",203462,"Goodwin, Archie","Archie Goodwin",TRUE,2013,2015,"archie_goodwin",1610612756,"Phoenix","Suns","PHX","suns","Y","Archie Goodwin"
"162",203932,"Gordon, Aaron","Aaron Gordon",TRUE,2014,2015,"aaron_gordon",1610612753,"Orlando","Magic","ORL","magic","Y","Aaron Gordon"
"163",201569,"Gordon, Eric","Eric Gordon",TRUE,2008,2015,"eric_gordon",1610612740,"New Orleans","Pelicans","NOP","pelicans","Y","Eric Gordon"
"164",101162,"Gortat, Marcin","Marcin Gortat",TRUE,2007,2015,"marcin_gortat",1610612764,"Washington","Wizards","WAS","wizards","Y","Marcin Gortat"
"165",202726,"Goudelock, Andrew","Andrew Goudelock",TRUE,2011,2015,"andrew_goudelock",1610612745,"Houston","Rockets","HOU","rockets","Y","Andrew Goudelock"
"166",203924,"Grant, Jerami","Jerami Grant",TRUE,2014,2015,"jerami_grant",1610612755,"Philadelphia","76ers","PHI","sixers","Y","Jerami Grant"
"167",1626170,"Grant, Jerian","Jerian Grant",TRUE,2015,2015,"jerian_grant",1610612752,"New York","Knicks","NYK","knicks","Y","Jerian Grant"
"168",201980,"Green, Danny","Danny Green",TRUE,2009,2015,"daniel_green",1610612759,"San Antonio","Spurs","SAS","spurs","Y","Danny Green"
"169",203110,"Green, Draymond","Draymond Green",TRUE,2012,2015,"draymond_green",1610612744,"Golden State","Warriors","GSW","warriors","Y","Draymond Green"
"170",203475,"Green, Erick","Erick Green",FALSE,2014,2015,"erick_green",0,"","","","","Y","Erick Green"
"171",101123,"Green, Gerald","Gerald Green",TRUE,2005,2015,"gerald_green",1610612748,"Miami","Heat","MIA","heat","Y","Gerald Green"
"172",203210,"Green, JaMychal","JaMychal Green",TRUE,2014,2015,"jamychal_green",1610612763,"Memphis","Grizzlies","MEM","grizzlies","Y","JaMychal Green"
"173",201145,"Green, Jeff","Jeff Green",TRUE,2007,2015,"jeff_green",1610612746,"Los Angeles","Clippers","LAC","clippers","Y","Jeff Green"
"174",201933,"Griffin, Blake","Blake Griffin",TRUE,2009,2015,"blake_griffin",1610612746,"Los Angeles","Clippers","LAC","clippers","Y","Blake Griffin"
"175",203268,"Gutierrez, Jorge","Jorge Gutierrez",TRUE,2013,2015,"jorge_gutierrez",1610612766,"Charlotte","Hornets","CHA","hornets","Y","Jorge Gutierrez"
"176",203798,"Hairston, PJ","PJ Hairston",TRUE,2014,2015,"pj_hairston",1610612763,"Memphis","Grizzlies","MEM","grizzlies","Y","PJ Hairston"
"177",202706,"Hamilton, Jordan","Jordan Hamilton",TRUE,2011,2015,"jordan_hamilton",1610612740,"New Orleans","Pelicans","NOP","pelicans","Y","Jordan Hamilton"
"178",201946,"Hansbrough, Tyler","Tyler Hansbrough",TRUE,2009,2015,"tyler_hansbrough",1610612766,"Charlotte","Hornets","CHA","hornets","Y","Tyler Hansbrough"
"179",203501,"Hardaway Jr., Tim","Tim Hardaway Jr.",TRUE,2013,2015,"timothy_hardaway",1610612737,"Atlanta","Hawks","ATL","hawks","Y","Tim Hardaway Jr."
"180",201935,"Harden, James","James Harden",TRUE,2009,2015,"james_harden",1610612745,"Houston","Rockets","HOU","rockets","Y","James Harden"
"181",203090,"Harkless, Maurice","Maurice Harkless",TRUE,2012,2015,"maurice_harkless",1610612757,"Portland","Trail Blazers","POR","blazers","Y","Maurice Harkless"
"182",202712,"Harper, Justin","Justin Harper",FALSE,2011,2015,"justin_harper",0,"","","","","Y","Justin Harper"
"183",1626149,"Harrell, Montrezl","Montrezl Harrell",TRUE,2015,2015,"montrezl_harrell",1610612745,"Houston","Rockets","HOU","rockets","Y","Montrezl Harrell"
"184",2734,"Harris, Devin","Devin Harris",TRUE,2004,2015,"devin_harris",1610612742,"Dallas","Mavericks","DAL","mavericks","Y","Devin Harris"
"185",203914,"Harris, Gary","Gary Harris",TRUE,2014,2015,"gary_harris",1610612743,"Denver","Nuggets","DEN","nuggets","Y","Gary Harris"
"186",203925,"Harris, Joe","Joe Harris",FALSE,2014,2015,"joe_harris",0,"","","","","Y","Joe Harris"
"187",202699,"Harris, Tobias","Tobias Harris",TRUE,2011,2015,"tobias_harris",1610612765,"Detroit","Pistons","DET","pistons","Y","Tobias Harris"
"188",1626151,"Harrison, Aaron","Aaron Harrison",TRUE,2015,2015,"aaron_harrison",1610612766,"Charlotte","Hornets","CHA","hornets","Y","Aaron Harrison"
"189",2617,"Haslem, Udonis","Udonis Haslem",TRUE,2003,2015,"udonis_haslem",1610612748,"Miami","Heat","MIA","heat","Y","Udonis Haslem"
"190",201150,"Hawes, Spencer","Spencer Hawes",TRUE,2007,2015,"spencer_hawes",1610612766,"Charlotte","Hornets","CHA","hornets","Y","Spencer Hawes"
"191",101236,"Hayes, Charles","Charles Hayes",FALSE,2005,2015,"chuck_hayes",0,"","","","","Y","Charles Hayes"
"192",202330,"Hayward, Gordon","Gordon Hayward",TRUE,2010,2015,"gordon_hayward",1610612762,"Utah","Jazz","UTA","jazz","Y","Gordon Hayward"
"193",201945,"Henderson, Gerald","Gerald Henderson",TRUE,2009,2015,"gerald_henderson",1610612757,"Portland","Trail Blazers","POR","blazers","Y","Gerald Henderson"
"194",203089,"Henson, John","John Henson",TRUE,2012,2015,"john_henson",1610612749,"Milwaukee","Bucks","MIL","bucks","Y","John Henson"
"195",1626209,"Hezonja, Mario","Mario Hezonja",TRUE,2015,2015,"mario_hezonja",1610612753,"Orlando","Magic","ORL","magic","Y","Mario Hezonja"
"196",201579,"Hibbert, Roy","Roy Hibbert",TRUE,2008,2015,"roy_hibbert",1610612747,"Los Angeles","Lakers","LAL","lakers","Y","Roy Hibbert"
"197",201581,"Hickson, JJ","JJ Hickson",TRUE,2008,2015,"jj_hickson",1610612764,"Washington","Wizards","WAS","wizards","Y","JJ Hickson"
"198",2403,"Nene","Nene",TRUE,2002,2015,"nene",1610612764,"Washington","Wizards","WAS","wizards","Y","Nene"
"199",201588,"Hill, George","George Hill",TRUE,2008,2015,"george_hill",1610612754,"Indiana","Pacers","IND","pacers","Y","George Hill"
"200",201941,"Hill, Jordan","Jordan Hill",TRUE,2009,2015,"jordan_hill",1610612754,"Indiana","Pacers","IND","pacers","Y","Jordan Hill"
"201",203524,"Hill, Solomon","Solomon Hill",TRUE,2013,2015,"solomon_hill",1610612754,"Indiana","Pacers","IND","pacers","Y","Solomon Hill"
"202",1626199,"Hilliard, Darrun","Darrun Hilliard",TRUE,2015,2015,"darrun_hilliard",1610612765,"Detroit","Pistons","DET","pistons","Y","Darrun Hilliard"
"203",2550,"Hinrich, Kirk","Kirk Hinrich",TRUE,2003,2015,"kirk_hinrich",1610612737,"Atlanta","Hawks","ATL","hawks","Y","Kirk Hinrich"
"204",201950,"Holiday, Jrue","Jrue Holiday",TRUE,2009,2015,"jrue_holiday",1610612740,"New Orleans","Pelicans","NOP","pelicans","Y","Jrue Holiday"
"205",203200,"Holiday, Justin","Justin Holiday",TRUE,2012,2015,"justin_holiday",1610612741,"Chicago","Bulls","CHI","bulls","Y","Justin Holiday"
"206",200797,"Hollins, Ryan","Ryan Hollins",TRUE,2006,2015,"ryan_hollins",1610612763,"Memphis","Grizzlies","MEM","grizzlies","Y","Ryan Hollins"
"207",1626178,"Hollis-Jefferson, Rondae","Rondae Hollis-Jefferson",TRUE,2015,2015,"rondae_hollis-jefferson",1610612751,"Brooklyn","Nets","BKN","nets","Y","Rondae Hollis-Jefferson"
"208",1626158,"Holmes, Richaun","Richaun Holmes",TRUE,2015,2015,"richaun_holmes",1610612755,"Philadelphia","76ers","PHI","sixers","Y","Richaun Holmes"
"209",203918,"Hood, Rodney","Rodney Hood",TRUE,2014,2015,"rodney_hood",1610612762,"Utah","Jazz","UTA","jazz","Y","Rodney Hood"
"210",201143,"Horford, Al","Al Horford",TRUE,2007,2015,"al_horford",1610612737,"Atlanta","Hawks","ATL","hawks","Y","Al Horford"
"211",2730,"Howard, Dwight","Dwight Howard",TRUE,2004,2015,"dwight_howard",1610612745,"Houston","Rockets","HOU","rockets","Y","Dwight Howard"
"212",1626273,"Huertas, Marcelo","Marcelo Huertas",TRUE,2015,2015,"marcelo_huertas",1610612747,"Los Angeles","Lakers","LAL","lakers","Y","Marcelo Huertas"
"213",203962,"Huestis, Josh","Josh Huestis",TRUE,2015,2015,"josh_huestis",1610612760,"Oklahoma City","Thunder","OKC","thunder","Y","Josh Huestis"
"214",2743,"Humphries, Kris","Kris Humphries",TRUE,2004,2015,"kris_humphries",1610612737,"Atlanta","Hawks","ATL","hawks","Y","Kris Humphries"
"215",1626154,"Hunter, RJ","RJ Hunter",TRUE,2015,2015,"rj_hunter",1610612738,"Boston","Celtics","BOS","celtics","Y","RJ Hunter"
"216",201586,"Ibaka, Serge","Serge Ibaka",TRUE,2009,2015,"serge_ibaka",1610612760,"Oklahoma City","Thunder","OKC","thunder","Y","Serge Ibaka"
"217",2738,"Iguodala, Andre","Andre Iguodala",TRUE,2004,2015,"andre_iguodala",1610612744,"Golden State","Warriors","GSW","warriors","Y","Andre Iguodala"
"218",101141,"Ilyasova, Ersan","Ersan Ilyasova",TRUE,2006,2015,"ersan_ilyasova",1610612753,"Orlando","Magic","ORL","magic","Y","Ersan Ilyasova"
"219",204060,"Ingles, Joe","Joe Ingles",TRUE,2014,2015,"joe_ingles",1610612762,"Utah","Jazz","UTA","jazz","Y","Joe Ingles"
"220",203996,"Inglis, Damien","Damien Inglis",TRUE,2014,2015,"damien_inglis",1610612749,"Milwaukee","Bucks","MIL","bucks","Y","Damien Inglis"
"221",202681,"Irving, Kyrie","Kyrie Irving",TRUE,2011,2015,"kyrie_irving",1610612739,"Cleveland","Cavaliers","CLE","cavaliers","Y","Kyrie Irving"
"222",101127,"Jack, Jarrett","Jarrett Jack",TRUE,2005,2015,"jarrett_jack",1610612751,"Brooklyn","Nets","BKN","nets","Y","Jarrett Jack"
"223",202704,"Jackson, Reggie","Reggie Jackson",TRUE,2011,2015,"reggie_jackson",1610612765,"Detroit","Pistons","DET","pistons","Y","Reggie Jackson"
"224",2544,"James, LeBron","LeBron James",TRUE,2003,2015,"lebron_james",1610612739,"Cleveland","Cavaliers","CLE","cavaliers","Y","LeBron James"
"225",2744,"Jefferson, Al","Al Jefferson",TRUE,2004,2015,"al_jefferson",1610612766,"Charlotte","Hornets","CHA","hornets","Y","Al Jefferson"
"226",203928,"Jefferson, Cory","Cory Jefferson",FALSE,2014,2015,"cory_jefferson",0,"","","","","Y","Cory Jefferson"
"227",2210,"Jefferson, Richard","Richard Jefferson",TRUE,2001,2015,"richard_jefferson",1610612739,"Cleveland","Cavaliers","CLE","cavaliers","Y","Richard Jefferson"
"228",203098,"Jenkins, John","John Jenkins",TRUE,2012,2015,"john_jenkins",1610612756,"Phoenix","Suns","PHX","suns","Y","John Jenkins"
"229",201943,"Jennings, Brandon","Brandon Jennings",TRUE,2009,2015,"brandon_jennings",1610612753,"Orlando","Magic","ORL","magic","Y","Brandon Jennings"
"230",201973,"Jerebko, Jonas","Jonas Jerebko",TRUE,2009,2015,"jonas_jerebko",1610612738,"Boston","Celtics","BOS","celtics","Y","Jonas Jerebko"
"231",101161,"Johnson, Amir","Amir Johnson",TRUE,2005,2015,"amir_johnson",1610612738,"Boston","Celtics","BOS","celtics","Y","Amir Johnson"
"232",203187,"Johnson, Chris","Chris Johnson",TRUE,2012,2015,"christapher_johnson",1610612762,"Utah","Jazz","UTA","jazz","Y","Chris Johnson"
"233",201949,"Johnson, James","James Johnson",TRUE,2009,2015,"james_johnson",1610612761,"Toronto","Raptors","TOR","raptors","Y","James Johnson"
"234",2207,"Johnson, Joe","Joe Johnson",TRUE,2001,2015,"joe_johnson",1610612748,"Miami","Heat","MIA","heat","Y","Joe Johnson"
"235",203111,"Johnson, Orlando","Orlando Johnson",FALSE,2012,2015,"orlando_johnson",0,"","","","","Y","Orlando Johnson"
"236",1626169,"Johnson, Stanley","Stanley Johnson",TRUE,2015,2015,"stanley_johnson",1610612765,"Detroit","Pistons","DET","pistons","Y","Stanley Johnson"
"237",204020,"Johnson, Tyler","Tyler Johnson",TRUE,2014,2015,"tyler_johnson",1610612748,"Miami","Heat","MIA","heat","Y","Tyler Johnson"
"238",202325,"Johnson, Wesley","Wesley Johnson",TRUE,2010,2015,"wesley_johnson",1610612746,"Los Angeles","Clippers","LAC","clippers","Y","Wesley Johnson"
"239",203999,"Jokic, Nikola","Nikola Jokic",TRUE,2015,2015,"nikola_jokic",1610612743,"Denver","Nuggets","DEN","nuggets","Y","Nikola Jokic"
"240",2592,"Jones, James","James Jones",TRUE,2003,2015,"james_jones",1610612739,"Cleveland","Cavaliers","CLE","cavaliers","Y","James Jones"
"241",203093,"Jones, Terrence","Terrence Jones",TRUE,2012,2015,"terrence_jones",1610612745,"Houston","Rockets","HOU","rockets","Y","Terrence Jones"
"242",1626145,"Jones, Tyus","Tyus Jones",TRUE,2015,2015,"tyus_jones",1610612750,"Minnesota","Timberwolves","MIN","timberwolves","Y","Tyus Jones"
"243",201599,"Jordan, DeAndre","DeAndre Jordan",TRUE,2008,2015,"deandre_jordan",1610612746,"Los Angeles","Clippers","LAC","clippers","Y","DeAndre Jordan"
"244",202709,"Joseph, Cory","Cory Joseph",TRUE,2011,2015,"cory_joseph",1610612761,"Toronto","Raptors","TOR","raptors","Y","Cory Joseph"
"245",2549,"Kaman, Chris","Chris Kaman",TRUE,2003,2015,"chris_kaman",1610612757,"Portland","Trail Blazers","POR","blazers","Y","Chris Kaman"
"246",1626163,"Kaminsky, Frank","Frank Kaminsky",TRUE,2015,2015,"frank_kaminsky",1610612766,"Charlotte","Hornets","CHA","hornets","Y","Frank Kaminsky"
"247",202683,"Kanter, Enes","Enes Kanter",TRUE,2011,2015,"enes_kanter",1610612760,"Oklahoma City","Thunder","OKC","thunder","Y","Enes Kanter"
"248",203508,"Karasev, Sergey","Sergey Karasev",TRUE,2013,2015,"sergey_karasev",1610612751,"Brooklyn","Nets","BKN","nets","Y","Sergey Karasev"
"249",201619,"Kaun, Sasha","Sasha Kaun",TRUE,2015,2015,"sasha_kaun",1610612739,"Cleveland","Cavaliers","CLE","cavaliers","Y","Sasha Kaun"
"250",203527,"Kelly, Ryan","Ryan Kelly",TRUE,2013,2015,"ryan_kelly",1610612747,"Los Angeles","Lakers","LAL","lakers","Y","Ryan Kelly"
"251",203077,"Kidd-Gilchrist, Michael","Michael Kidd-Gilchrist",TRUE,2012,2015,"michael_kidd-gilchrist",1610612766,"Charlotte","Hornets","CHA","hornets","Y","Michael Kidd-Gilchrist"
"252",203930,"Kilpatrick, Sean","Sean Kilpatrick",TRUE,2014,2015,"sean_kilpatrick",1610612751,"Brooklyn","Nets","BKN","nets","Y","Sean Kilpatrick"
"253",202688,"Knight, Brandon","Brandon Knight",TRUE,2011,2015,"brandon_knight",1610612756,"Phoenix","Suns","PHX","suns","Y","Brandon Knight"
"254",2594,"Korver, Kyle","Kyle Korver",TRUE,2003,2015,"kyle_korver",1610612737,"Atlanta","Hawks","ATL","hawks","Y","Kyle Korver"
"255",201585,"Koufos, Kosta","Kosta Koufos",TRUE,2008,2015,"kosta_koufos",1610612758,"Sacramento","Kings","SAC","kings","Y","Kosta Koufos"
"256",203897,"LaVine, Zach","Zach LaVine",TRUE,2014,2015,"zach_lavine",1610612750,"Minnesota","Timberwolves","MIN","timberwolves","Y","Zach LaVine"
"257",203087,"Lamb, Jeremy","Jeremy Lamb",TRUE,2012,2015,"jeremy_lamb",1610612766,"Charlotte","Hornets","CHA","hornets","Y","Jeremy Lamb"
"258",201171,"Landry, Carl","Carl Landry",TRUE,2007,2015,"carl_landry",1610612755,"Philadelphia","76ers","PHI","sixers","Y","Carl Landry"
"259",203499,"Larkin, Shane","Shane Larkin",TRUE,2013,2015,"shane_larkin",1610612751,"Brooklyn","Nets","BKN","nets","Y","Shane Larkin"
"260",203530,"Lauvergne, Joffrey","Joffrey Lauvergne",TRUE,2014,2015,"joffrey_lauvergne",1610612743,"Denver","Nuggets","DEN","nuggets","Y","Joffrey Lauvergne"
"261",201951,"Lawson, Ty","Ty Lawson",TRUE,2009,2015,"ty_lawson",1610612754,"Indiana","Pacers","IND","pacers","Y","Ty Lawson"
"262",201584,"Lee, Courtney","Courtney Lee",TRUE,2008,2015,"courtney_lee",1610612766,"Charlotte","Hornets","CHA","hornets","Y","Courtney Lee"
"263",101135,"Lee, David","David Lee",TRUE,2005,2015,"david_lee",1610612742,"Dallas","Mavericks","DAL","mavericks","Y","David Lee"
"264",203458,"Len, Alex","Alex Len",TRUE,2013,2015,"alex_len",1610612756,"Phoenix","Suns","PHX","suns","Y","Alex Len"
"265",202695,"Leonard, Kawhi","Kawhi Leonard",TRUE,2011,2015,"kawhi_leonard",1610612759,"San Antonio","Spurs","SAS","spurs","Y","Kawhi Leonard"
"266",203086,"Leonard, Meyers","Meyers Leonard",TRUE,2012,2015,"meyers_leonard",1610612757,"Portland","Trail Blazers","POR","blazers","Y","Meyers Leonard"
"267",202720,"Leuer, Jon","Jon Leuer",TRUE,2011,2015,"jon_leuer",1610612756,"Phoenix","Suns","PHX","suns","Y","Jon Leuer"
"268",203081,"Lillard, Damian","Damian Lillard",TRUE,2012,2015,"damian_lillard",1610612757,"Portland","Trail Blazers","POR","blazers","Y","Damian Lillard"
"269",202391,"Lin, Jeremy","Jeremy Lin",TRUE,2010,2015,"jeremy_lin",1610612766,"Charlotte","Hornets","CHA","hornets","Y","Jeremy Lin"
"270",2733,"Livingston, Shaun","Shaun Livingston",TRUE,2004,2015,"shaun_livingston",1610612744,"Golden State","Warriors","GSW","warriors","Y","Shaun Livingston"
"271",1626172,"Looney, Kevon","Kevon Looney",TRUE,2015,2015,"kevon_looney",1610612744,"Golden State","Warriors","GSW","warriors","Y","Kevon Looney"
"272",201572,"Lopez, Brook","Brook Lopez",TRUE,2008,2015,"brook_lopez",1610612751,"Brooklyn","Nets","BKN","nets","Y","Brook Lopez"
"273",201577,"Lopez, Robin","Robin Lopez",TRUE,2008,2015,"robin_lopez",1610612752,"New York","Knicks","NYK","knicks","Y","Robin Lopez"
"274",201567,"Love, Kevin","Kevin Love",TRUE,2008,2015,"kevin_love",1610612739,"Cleveland","Cavaliers","CLE","cavaliers","Y","Kevin Love"
"275",200768,"Lowry, Kyle","Kyle Lowry",TRUE,2006,2015,"kyle_lowry",1610612761,"Toronto","Raptors","TOR","raptors","Y","Kyle Lowry"
"276",1626168,"Lyles, Trey","Trey Lyles",TRUE,2015,2015,"trey_lyles",1610612762,"Utah","Jazz","UTA","jazz","Y","Trey Lyles"
"277",202714,"Mack, Shelvin","Shelvin Mack",TRUE,2011,2015,"shelvin_mack",1610612762,"Utah","Jazz","UTA","jazz","Y","Shelvin Mack"
"278",101133,"Mahinmi, Ian","Ian Mahinmi",TRUE,2007,2015,"ian_mahinmi",1610612754,"Indiana","Pacers","IND","pacers","Y","Ian Mahinmi"
"279",203906,"Marble, Devyn","Devyn Marble",TRUE,2014,2015,"devyn_marble",1610612753,"Orlando","Magic","ORL","magic","Y","Devyn Marble"
"280",1626246,"Marjanovic, Boban","Boban Marjanovic",TRUE,2015,2015,"boban_marjanovic",1610612759,"San Antonio","Spurs","SAS","spurs","Y","Boban Marjanovic"
"281",203088,"Marshall, Kendall","Kendall Marshall",TRUE,2012,2015,"kendall_marshall",1610612755,"Philadelphia","76ers","PHI","sixers","Y","Kendall Marshall"
"282",1626185,"Martin, Jarell","Jarell Martin",TRUE,2015,2015,"jarell_martin",1610612763,"Memphis","Grizzlies","MEM","grizzlies","Y","Jarell Martin"
"283",2755,"Martin, Kevin","Kevin Martin",TRUE,2004,2015,"kevin_martin",1610612759,"San Antonio","Spurs","SAS","spurs","Y","Kevin Martin"
"284",202083,"Matthews, Wesley","Wesley Matthews",TRUE,2009,2015,"wesley_matthews",1610612742,"Dallas","Mavericks","DAL","mavericks","Y","Wesley Matthews"
"285",201564,"Mayo, O.J.","O.J. Mayo",TRUE,2008,2015,"oj_mayo",1610612749,"Milwaukee","Bucks","MIL","bucks","Y","O.J. Mayo"
"286",201601,"Mbah a Moute, Luc","Luc Mbah a Moute",TRUE,2008,2015,"luc_mbah_a_moute",1610612746,"Los Angeles","Clippers","LAC","clippers","Y","Luc Mbah a Moute"
"287",203949,"McAdoo, James Michael","James Michael McAdoo",TRUE,2014,2015,"james_michael_mcadoo",1610612744,"Golden State","Warriors","GSW","warriors","Y","James Michael McAdoo"
"288",203492,"McCallum, Ray","Ray McCallum",TRUE,2013,2015,"ray_mccallum",1610612763,"Memphis","Grizzlies","MEM","grizzlies","Y","Ray McCallum"
"289",203468,"McCollum, CJ","CJ McCollum",TRUE,2013,2015,"cj_mccollum",1610612757,"Portland","Trail Blazers","POR","blazers","Y","CJ McCollum"
"290",204456,"McConnell, TJ","TJ McConnell",TRUE,2015,2015,"tj_mcconnell",1610612755,"Philadelphia","76ers","PHI","sixers","Y","TJ McConnell"
"291",1626191,"McCullough, Chris","Chris McCullough",TRUE,2015,2015,"chris_mccullough",1610612751,"Brooklyn","Nets","BKN","nets","Y","Chris McCullough"
"292",203909,"McDaniels, KJ","KJ McDaniels",TRUE,2014,2015,"kj_mcdaniels",1610612745,"Houston","Rockets","HOU","rockets","Y","KJ McDaniels"
"293",203926,"McDermott, Doug","Doug McDermott",TRUE,2014,2015,"doug_mcdermott",1610612741,"Chicago","Bulls","CHI","bulls","Y","Doug McDermott"
"294",203956,"McGary, Mitch","Mitch McGary",TRUE,2014,2015,"mitch_mcgary",1610612760,"Oklahoma City","Thunder","OKC","thunder","Y","Mitch McGary"
"295",201580,"McGee, JaVale","JaVale McGee",TRUE,2008,2015,"javale_mcgee",1610612742,"Dallas","Mavericks","DAL","mavericks","Y","JaVale McGee"
"296",203463,"McLemore, Ben","Ben McLemore",TRUE,2013,2015,"ben_mclemore",1610612758,"Sacramento","Kings","SAC","kings","Y","Ben McLemore"
"297",203895,"McRae, Jordan","Jordan McRae",TRUE,2015,2015,"jordan_mcrae",1610612739,"Cleveland","Cavaliers","CLE","cavaliers","Y","Jordan McRae"
"298",201177,"McRoberts, Josh","Josh McRoberts",TRUE,2007,2015,"josh_mcroberts",1610612748,"Miami","Heat","MIA","heat","Y","Josh McRoberts"
"299",201975,"Meeks, Jodie","Jodie Meeks",TRUE,2009,2015,"jodie_meeks",1610612765,"Detroit","Pistons","DET","pistons","Y","Jodie Meeks"
"300",1626257,"Mejri, Salah","Salah Mejri",TRUE,2015,2015,"salah_mejri",1610612742,"Dallas","Mavericks","DAL","mavericks","Y","Salah Mejri"
"301",1626175,"Mickey, Jordan","Jordan Mickey",TRUE,2015,2015,"jordan_mickey",1610612738,"Boston","Celtics","BOS","celtics","Y","Jordan Mickey"
"302",203114,"Middleton, Khris","Khris Middleton",TRUE,2012,2015,"khris_middleton",1610612749,"Milwaukee","Bucks","MIL","bucks","Y","Khris Middleton"
"303",101139,"Miles, CJ","CJ Miles",TRUE,2005,2015,"cj_miles",1610612754,"Indiana","Pacers","IND","pacers","Y","CJ Miles"
"304",1889,"Miller, Andre","Andre Miller",TRUE,1999,2015,"andre_miller",1610612759,"San Antonio","Spurs","SAS","spurs","Y","Andre Miller"
"305",2034,"Miller, Mike","Mike Miller",TRUE,2000,2015,"mike_miller",1610612743,"Denver","Nuggets","DEN","nuggets","Y","Mike Miller"
"306",201988,"Mills, Patty","Patty Mills",TRUE,2009,2015,"patrick_mills",1610612759,"San Antonio","Spurs","SAS","spurs","Y","Patty Mills"
"307",202407,"Millsap, Elijah","Elijah Millsap",FALSE,2014,2015,"elijah_millsap",0,"","","","","Y","Elijah Millsap"
"308",200794,"Millsap, Paul","Paul Millsap",TRUE,2006,2015,"paul_millsap",1610612737,"Atlanta","Hawks","ATL","hawks","Y","Paul Millsap"
"309",202703,"Mirotic, Nikola","Nikola Mirotic",TRUE,2014,2015,"nikola_mirotic",1610612741,"Chicago","Bulls","CHI","bulls","Y","Nikola Mirotic"
"310",1737,"Mohammed, Nazr","Nazr Mohammed",TRUE,1998,2015,"nazr_mohammed",1610612760,"Oklahoma City","Thunder","OKC","thunder","Y","Nazr Mohammed"
"311",202328,"Monroe, Greg","Greg Monroe",TRUE,2010,2015,"greg_monroe",1610612749,"Milwaukee","Bucks","MIL","bucks","Y","Greg Monroe"
"312",1626242,"Montero, Luis","Luis Montero",TRUE,2015,2015,"luis_montero",1610612757,"Portland","Trail Blazers","POR","blazers","Y","Luis Montero"
"313",202734,"Moore, E'Twaun","E'Twaun Moore",TRUE,2011,2015,"etwaun_moore",1610612741,"Chicago","Bulls","CHI","bulls","Y","E'Twaun Moore"
"314",203961,"Moreland, Eric","Eric Moreland",TRUE,2014,2015,"eric_moreland",1610612758,"Sacramento","Kings","SAC","kings","Y","Eric Moreland"
"315",202694,"Morris, Marcus","Marcus Morris",TRUE,2011,2015,"marcus_morris",1610612765,"Detroit","Pistons","DET","pistons","Y","Marcus Morris"
"316",202693,"Morris, Markieff","Markieff Morris",TRUE,2011,2015,"markieff_morris",1610612764,"Washington","Wizards","WAS","wizards","Y","Markieff Morris"
"317",201627,"Morrow, Anthony","Anthony Morrow",TRUE,2008,2015,"anthony_morrow",1610612760,"Oklahoma City","Thunder","OKC","thunder","Y","Anthony Morrow"
"318",202700,"Motiejunas, Donatas","Donatas Motiejunas",TRUE,2012,2015,"donatas_motiejunas",1610612745,"Houston","Rockets","HOU","rockets","Y","Donatas Motiejunas"
"319",202389,"Mozgov, Timofey","Timofey Mozgov",TRUE,2010,2015,"timofey_mozgov",1610612739,"Cleveland","Cavaliers","CLE","cavaliers","Y","Timofey Mozgov"
"320",1626144,"Mudiay, Emmanuel","Emmanuel Mudiay",TRUE,2015,2015,"emmanuel_mudiay",1610612743,"Denver","Nuggets","DEN","nuggets","Y","Emmanuel Mudiay"
"321",203498,"Muhammad, Shabazz","Shabazz Muhammad",TRUE,2013,2015,"shabazz_muhammad",1610612750,"Minnesota","Timberwolves","MIN","timberwolves","Y","Shabazz Muhammad"
"322",204098,"Munford, Xavier","Xavier Munford",TRUE,2015,2015,"xavier_munford",1610612763,"Memphis","Grizzlies","MEM","grizzlies","Y","Xavier Munford"
"323",203488,"Muscala, Mike","Mike Muscala",TRUE,2013,2015,"mike_muscala",1610612737,"Atlanta","Hawks","ATL","hawks","Y","Mike Muscala"
"324",1626204,"Nance Jr., Larry","Larry Nance Jr.",TRUE,2015,2015,"larry_nance",1610612747,"Los Angeles","Lakers","LAL","lakers","Y","Larry Nance Jr."
"325",203894,"Napier, Shabazz","Shabazz Napier",TRUE,2014,2015,"shabazz_napier",1610612753,"Orlando","Magic","ORL","magic","Y","Shabazz Napier"
"326",202390,"Neal, Gary","Gary Neal",FALSE,2010,2015,"gary_neal",0,"","","","","Y","Gary Neal"
"327",2749,"Nelson, Jameer","Jameer Nelson",TRUE,2004,2015,"jameer_nelson",1610612743,"Denver","Nuggets","DEN","nuggets","Y","Jameer Nelson"
"328",203526,"Neto, Raul","Raul Neto",TRUE,2015,2015,"raulzinho_neto",1610612762,"Utah","Jazz","UTA","jazz","Y","Raul Neto"
"329",203094,"Nicholson, Andrew","Andrew Nicholson",TRUE,2012,2015,"andrew_nicholson",1610612753,"Orlando","Magic","ORL","magic","Y","Andrew Nicholson"
"330",201149,"Noah, Joakim","Joakim Noah",TRUE,2007,2015,"joakim_noah",1610612741,"Chicago","Bulls","CHI","bulls","Y","Joakim Noah"
"331",203457,"Noel, Nerlens","Nerlens Noel",TRUE,2013,2015,"nerlens_noel",1610612755,"Philadelphia","76ers","PHI","sixers","Y","Nerlens Noel"
"332",203512,"Nogueira, Lucas","Lucas Nogueira",TRUE,2014,2015,"lucas_nogueira",1610612761,"Toronto","Raptors","TOR","raptors","Y","Lucas Nogueira"
"333",200779,"Novak, Steve","Steve Novak",TRUE,2006,2015,"steve_novak",1610612749,"Milwaukee","Bucks","MIL","bucks","Y","Steve Novak"
"334",1717,"Nowitzki, Dirk","Dirk Nowitzki",TRUE,1998,2015,"dirk_nowitzki",1610612742,"Dallas","Mavericks","DAL","mavericks","Y","Dirk Nowitzki"
"335",203994,"Nurkic, Jusuf","Jusuf Nurkic",TRUE,2014,2015,"jusuf_nurkic",1610612743,"Denver","Nuggets","DEN","nuggets","Y","Jusuf Nurkic"
"336",1626266,"O'Brien, J.J.","J.J. O'Brien",FALSE,2015,2015,"jj_obrien",0,"","","","","Y","J.J. O'Brien"
"337",203948,"O'Bryant, Johnny","Johnny O'Bryant",TRUE,2014,2015,"johnny_obryant",1610612749,"Milwaukee","Bucks","MIL","bucks","Y","Johnny O'Bryant"
"338",203124,"O'Quinn, Kyle","Kyle O'Quinn",TRUE,2012,2015,"kyle_oquinn",1610612752,"New York","Knicks","NYK","knicks","Y","Kyle O'Quinn"
"339",1626143,"Okafor, Jahlil","Jahlil Okafor",TRUE,2015,2015,"jahlil_okafor",1610612755,"Philadelphia","76ers","PHI","sixers","Y","Jahlil Okafor"
"340",203506,"Oladipo, Victor","Victor Oladipo",TRUE,2013,2015,"victor_oladipo",1610612753,"Orlando","Magic","ORL","magic","Y","Victor Oladipo"
"341",203482,"Olynyk, Kelly","Kelly Olynyk",TRUE,2013,2015,"kelly_olynyk",1610612738,"Boston","Celtics","BOS","celtics","Y","Kelly Olynyk"
"342",1626162,"Oubre, Kelly","Kelly Oubre",TRUE,2015,2015,"kelly_oubre",1610612764,"Washington","Wizards","WAS","wizards","Y","Kelly Oubre"
"343",2585,"Pachulia, Zaza","Zaza Pachulia",TRUE,2003,2015,"zaza_pachulia",1610612742,"Dallas","Mavericks","DAL","mavericks","Y","Zaza Pachulia"
"344",203123,"Papanikolaou, Kostas","Kostas Papanikolaou",FALSE,2014,2015,"kostas_papanikolaou",0,"","","","","Y","Kostas Papanikolaou"
"345",203953,"Parker, Jabari","Jabari Parker",TRUE,2014,2015,"jabari_parker",1610612749,"Milwaukee","Bucks","MIL","bucks","Y","Jabari Parker"
"346",2225,"Parker, Tony","Tony Parker",TRUE,2001,2015,"tony_parker",1610612759,"San Antonio","Spurs","SAS","spurs","Y","Tony Parker"
"347",202718,"Parsons, Chandler","Chandler Parsons",TRUE,2011,2015,"chandler_parsons",1610612742,"Dallas","Mavericks","DAL","mavericks","Y","Chandler Parsons"
"348",203934,"Patterson, Lamar","Lamar Patterson",TRUE,2015,2015,"lamar_patterson",1610612737,"Atlanta","Hawks","ATL","hawks","Y","Lamar Patterson"
"349",202335,"Patterson, Patrick","Patrick Patterson",TRUE,2010,2015,"patrick_patterson",1610612761,"Toronto","Raptors","TOR","raptors","Y","Patrick Patterson"
"350",101108,"Paul, Chris","Chris Paul",TRUE,2005,2015,"chris_paul",1610612746,"Los Angeles","Clippers","LAC","clippers","Y","Chris Paul"
"351",203940,"Payne, Adreian","Adreian Payne",TRUE,2014,2015,"adreian_payne",1610612750,"Minnesota","Timberwolves","MIN","timberwolves","Y","Adreian Payne"
"352",1626166,"Payne, Cameron","Cameron Payne",TRUE,2015,2015,"cameron_payne",1610612760,"Oklahoma City","Thunder","OKC","thunder","Y","Cameron Payne"
"353",203901,"Payton, Elfrid","Elfrid Payton",TRUE,2014,2015,"elfrid_payton",1610612753,"Orlando","Magic","ORL","magic","Y","Elfrid Payton"
"354",201593,"Pekovic, Nikola","Nikola Pekovic",TRUE,2010,2015,"nikola_pekovic",1610612750,"Minnesota","Timberwolves","MIN","timberwolves","Y","Nikola Pekovic"
"355",2570,"Perkins, Kendrick","Kendrick Perkins",TRUE,2003,2015,"kendrick_perkins",1610612740,"New Orleans","Pelicans","NOP","pelicans","Y","Kendrick Perkins"
"356",1718,"Pierce, Paul","Paul Pierce",TRUE,1998,2015,"paul_pierce",1610612746,"Los Angeles","Clippers","LAC","clippers","Y","Paul Pierce"
"357",202353,"Pleiss, Tibor","Tibor Pleiss",TRUE,2015,2015,"tibor_pleiss",1610612762,"Utah","Jazz","UTA","jazz","Y","Tibor Pleiss"
"358",203486,"Plumlee, Mason","Mason Plumlee",TRUE,2013,2015,"mason_plumlee",1610612757,"Portland","Trail Blazers","POR","blazers","Y","Mason Plumlee"
"359",203101,"Plumlee, Miles","Miles Plumlee",TRUE,2012,2015,"miles_plumlee",1610612749,"Milwaukee","Bucks","MIL","bucks","Y","Miles Plumlee"
"360",202347,"Pondexter, Quincy","Quincy Pondexter",TRUE,2010,2015,"quincy_pondexter",1610612740,"New Orleans","Pelicans","NOP","pelicans","Y","Quincy Pondexter"
"361",203490,"Porter, Otto","Otto Porter",TRUE,2013,2015,"otto_porter",1610612764,"Washington","Wizards","WAS","wizards","Y","Otto Porter"
"362",1626171,"Portis, Bobby","Bobby Portis",TRUE,2015,2015,"bobby_portis",1610612741,"Chicago","Bulls","CHI","bulls","Y","Bobby Portis"
"363",204001,"Porzingis, Kristaps","Kristaps Porzingis",TRUE,2015,2015,"kristaps_porzingis",1610612752,"New York","Knicks","NYK","knicks","Y","Kristaps Porzingis"
"364",203939,"Powell, Dwight","Dwight Powell",TRUE,2014,2015,"dwight_powell",1610612742,"Dallas","Mavericks","DAL","mavericks","Y","Dwight Powell"
"365",1626181,"Powell, Norman","Norman Powell",TRUE,2015,2015,"norman_powell",1610612761,"Toronto","Raptors","TOR","raptors","Y","Norman Powell"
"366",203515,"Pressey, Phil","Phil Pressey",FALSE,2013,2015,"phil_pressey",0,"","","","","Y","Phil Pressey"
"367",101179,"Price, Ronnie","Ronnie Price",TRUE,2005,2015,"ronnie_price",1610612756,"Phoenix","Suns","PHX","suns","Y","Ronnie Price"
"368",203143,"Prigioni, Pablo","Pablo Prigioni",TRUE,2012,2015,"pablo_prigioni",1610612746,"Los Angeles","Clippers","LAC","clippers","Y","Pablo Prigioni"
"369",2419,"Prince, Tayshaun","Tayshaun Prince",TRUE,2002,2015,"tayshaun_prince",1610612750,"Minnesota","Timberwolves","MIN","timberwolves","Y","Tayshaun Prince"
"370",203944,"Randle, Julius","Julius Randle",TRUE,2014,2015,"julius_randle",1610612747,"Los Angeles","Lakers","LAL","lakers","Y","Julius Randle"
"371",2216,"Randolph, Zach","Zach Randolph",TRUE,2001,2015,"zach_randolph",1610612763,"Memphis","Grizzlies","MEM","grizzlies","Y","Zach Randolph"
"372",200755,"Redick, JJ","JJ Redick",TRUE,2006,2015,"jj_redick",1610612746,"Los Angeles","Clippers","LAC","clippers","Y","JJ Redick"
"373",203186,"Reed, Willie","Willie Reed",TRUE,2012,2015,"willie_reed",1610612751,"Brooklyn","Nets","BKN","nets","Y","Willie Reed"
"374",1626196,"Richardson, Josh","Josh Richardson",TRUE,2015,2015,"josh_richardson",1610612748,"Miami","Heat","MIA","heat","Y","Josh Richardson"
"375",203085,"Rivers, Austin","Austin Rivers",TRUE,2012,2015,"austin_rivers",1610612746,"Los Angeles","Clippers","LAC","clippers","Y","Austin Rivers"
"376",203460,"Roberson, Andre","Andre Roberson",TRUE,2013,2015,"andre_roberson",1610612760,"Oklahoma City","Thunder","OKC","thunder","Y","Andre Roberson"
"377",203148,"Roberts, Brian","Brian Roberts",TRUE,2012,2015,"brian_roberts",1610612757,"Portland","Trail Blazers","POR","blazers","Y","Brian Roberts"
"378",203922,"Robinson, Glenn","Glenn Robinson",TRUE,2014,2015,"glenn_robinson_iii",1610612754,"Indiana","Pacers","IND","pacers","Y","Glenn Robinson"
"379",101126,"Robinson, Nate","Nate Robinson",FALSE,2005,2015,"nate_robinson",0,"","","","","Y","Nate Robinson"
"380",203080,"Robinson, Thomas","Thomas Robinson",TRUE,2012,2015,"thomas_robinson",1610612751,"Brooklyn","Nets","BKN","nets","Y","Thomas Robinson"
"381",200765,"Rondo, Rajon","Rajon Rondo",TRUE,2006,2015,"rajon_rondo",1610612758,"Sacramento","Kings","SAC","kings","Y","Rajon Rondo"
"382",201565,"Rose, Derrick","Derrick Rose",TRUE,2008,2015,"derrick_rose",1610612741,"Chicago","Bulls","CHI","bulls","Y","Derrick Rose"
"383",203082,"Ross, Terrence","Terrence Ross",TRUE,2012,2015,"terrence_ross",1610612761,"Toronto","Raptors","TOR","raptors","Y","Terrence Ross"
"384",1626179,"Rozier, Terry","Terry Rozier",TRUE,2015,2015,"terry_rozier",1610612738,"Boston","Celtics","BOS","celtics","Y","Terry Rozier"
"385",201937,"Rubio, Ricky","Ricky Rubio",TRUE,2011,2015,"ricky_rubio",1610612750,"Minnesota","Timberwolves","MIN","timberwolves","Y","Ricky Rubio"
"386",204014,"Rudez, Damjan","Damjan Rudez",TRUE,2014,2015,"damjan_rudez",1610612750,"Minnesota","Timberwolves","MIN","timberwolves","Y","Damjan Rudez"
"387",201575,"Rush, Brandon","Brandon Rush",TRUE,2008,2015,"brandon_rush",1610612744,"Golden State","Warriors","GSW","warriors","Y","Brandon Rush"
"388",1626156,"Russell, D'Angelo","D'Angelo Russell",TRUE,2015,2015,"dangelo_russell",1610612747,"Los Angeles","Lakers","LAL","lakers","Y","D'Angelo Russell"
"389",203135,"Sacre, Robert","Robert Sacre",TRUE,2012,2015,"robert_sacre",1610612747,"Los Angeles","Lakers","LAL","lakers","Y","Robert Sacre"
"390",203960,"Sampson, JaKarr","JaKarr Sampson",TRUE,2014,2015,"jakarr_sampson",1610612743,"Denver","Nuggets","DEN","nuggets","Y","JaKarr Sampson"
"391",203471,"Schroder, Dennis","Dennis Schroder",TRUE,2013,2015,"dennis_schroder",1610612737,"Atlanta","Hawks","ATL","hawks","Y","Dennis Schroder"
"392",2449,"Scola, Luis","Luis Scola",TRUE,2007,2015,"luis_scola",1610612761,"Toronto","Raptors","TOR","raptors","Y","Luis Scola"
"393",203118,"Scott, Mike","Mike Scott",TRUE,2012,2015,"mike_scott",1610612737,"Atlanta","Hawks","ATL","hawks","Y","Mike Scott"
"394",200757,"Sefolosha, Thabo","Thabo Sefolosha",TRUE,2006,2015,"thabo_sefolosha",1610612737,"Atlanta","Hawks","ATL","hawks","Y","Thabo Sefolosha"
"395",202338,"Seraphin, Kevin","Kevin Seraphin",TRUE,2010,2015,"kevin_seraphin",1610612752,"New York","Knicks","NYK","knicks","Y","Kevin Seraphin"
"396",201196,"Sessions, Ramon","Ramon Sessions",TRUE,2007,2015,"ramon_sessions",1610612764,"Washington","Wizards","WAS","wizards","Y","Ramon Sessions"
"397",202697,"Shumpert, Iman","Iman Shumpert",TRUE,2011,2015,"iman_shumpert",1610612739,"Cleveland","Cavaliers","CLE","cavaliers","Y","Iman Shumpert"
"398",203613,"Simmons, Jonathon","Jonathon Simmons",TRUE,2015,2015,"jonathon_simmons",1610612759,"San Antonio","Spurs","SAS","spurs","Y","Jonathon Simmons"
"399",203156,"Sims, Henry","Henry Sims",TRUE,2012,2015,"henry_sims",1610612751,"Brooklyn","Nets","BKN","nets","Y","Henry Sims"
"400",202713,"Singler, Kyle","Kyle Singler",TRUE,2012,2015,"kyle_singler",1610612760,"Oklahoma City","Thunder","OKC","thunder","Y","Kyle Singler"
"401",202388,"Sloan, Donald","Donald Sloan",TRUE,2011,2015,"donald_sloan",1610612751,"Brooklyn","Nets","BKN","nets","Y","Donald Sloan"
"402",203935,"Smart, Marcus","Marcus Smart",TRUE,2014,2015,"marcus_smart",1610612738,"Boston","Celtics","BOS","celtics","Y","Marcus Smart"
"403",202962,"Smith, Greg","Greg Smith",TRUE,2011,2015,"greg_smith",1610612750,"Minnesota","Timberwolves","MIN","timberwolves","Y","Greg Smith"
"404",202397,"Smith, Ish","Ish Smith",TRUE,2010,2015,"ish_smith",1610612755,"Philadelphia","76ers","PHI","sixers","Y","Ish Smith"
"405",2747,"Smith, J.R.","J.R. Smith",TRUE,2004,2015,"jr_smith",1610612739,"Cleveland","Cavaliers","CLE","cavaliers","Y","J.R. Smith"
"406",201160,"Smith, Jason","Jason Smith",TRUE,2007,2015,"jason_smith",1610612753,"Orlando","Magic","ORL","magic","Y","Jason Smith"
"407",2746,"Smith, Josh","Josh Smith",TRUE,2004,2015,"josh_smith",1610612745,"Houston","Rockets","HOU","rockets","Y","Josh Smith"
"408",203893,"Smith, Russ","Russ Smith",FALSE,2014,2015,"russ_smith",0,"","","","","Y","Russ Smith"
"409",203503,"Snell, Tony","Tony Snell",TRUE,2013,2015,"tony_snell",1610612741,"Chicago","Bulls","CHI","bulls","Y","Tony Snell"
"410",201578,"Speights, Marreese","Marreese Speights",TRUE,2008,2015,"marreese_speights",1610612744,"Golden State","Warriors","GSW","warriors","Y","Marreese Speights"
"411",201168,"Splitter, Tiago","Tiago Splitter",TRUE,2010,2015,"tiago_splitter",1610612737,"Atlanta","Hawks","ATL","hawks","Y","Tiago Splitter"
"412",203917,"Stauskas, Nik","Nik Stauskas",TRUE,2014,2015,"nik_stauskas",1610612755,"Philadelphia","76ers","PHI","sixers","Y","Nik Stauskas"
"413",202362,"Stephenson, Lance","Lance Stephenson",TRUE,2010,2015,"lance_stephenson",1610612763,"Memphis","Grizzlies","MEM","grizzlies","Y","Lance Stephenson"
"414",1627293,"Stepheson, Alex","Alex Stepheson",TRUE,2015,2015,"alex_stepheson",1610612763,"Memphis","Grizzlies","MEM","grizzlies","Y","Alex Stepheson"
"415",203950,"Stokes, Jarnell","Jarnell Stokes",FALSE,2014,2015,"jarnell_stokes",0,"","","","","Y","Jarnell Stokes"
"416",2405,"Stoudemire, Amar'e","Amar'e Stoudemire",TRUE,2002,2015,"amare_stoudemire",1610612748,"Miami","Heat","MIA","heat","Y","Amar'e Stoudemire"
"417",201155,"Stuckey, Rodney","Rodney Stuckey",TRUE,2007,2015,"rodney_stuckey",1610612754,"Indiana","Pacers","IND","pacers","Y","Rodney Stuckey"
"418",203096,"Sullinger, Jared","Jared Sullinger",TRUE,2012,2015,"jared_sullinger",1610612738,"Boston","Celtics","BOS","celtics","Y","Jared Sullinger"
"419",204002,"Tavares, Walter","Walter Tavares",TRUE,2015,2015,"walter_tavares",1610612737,"Atlanta","Hawks","ATL","hawks","Y","Walter Tavares"
"420",201952,"Teague, Jeff","Jeff Teague",TRUE,2009,2015,"jeff_teague",1610612737,"Atlanta","Hawks","ATL","hawks","Y","Jeff Teague"
"421",203141,"Teletovic, Mirza","Mirza Teletovic",TRUE,2012,2015,"mirza_teletovic",1610612756,"Phoenix","Suns","PHX","suns","Y","Mirza Teletovic"
"422",202066,"Temple, Garrett","Garrett Temple",TRUE,2009,2015,"garrett_temple",1610612764,"Washington","Wizards","WAS","wizards","Y","Garrett Temple"
"423",1891,"Terry, Jason","Jason Terry",TRUE,1999,2015,"jason_terry",1610612745,"Houston","Rockets","HOU","rockets","Y","Jason Terry"
"424",202738,"Thomas, Isaiah","Isaiah Thomas",TRUE,2011,2015,"isaiah_thomas",1610612738,"Boston","Celtics","BOS","celtics","Y","Isaiah Thomas"
"425",202498,"Thomas, Lance","Lance Thomas",TRUE,2011,2015,"lance_thomas",1610612752,"New York","Knicks","NYK","knicks","Y","Lance Thomas"
"426",203138,"Thompson, Hollis","Hollis Thompson",TRUE,2013,2015,"hollis_thompson",1610612755,"Philadelphia","76ers","PHI","sixers","Y","Hollis Thompson"
"427",201574,"Thompson, Jason","Jason Thompson",TRUE,2008,2015,"jason_thompson",1610612761,"Toronto","Raptors","TOR","raptors","Y","Jason Thompson"
"428",202691,"Thompson, Klay","Klay Thompson",TRUE,2011,2015,"klay_thompson",1610612744,"Golden State","Warriors","GSW","warriors","Y","Klay Thompson"
"429",202684,"Thompson, Tristan","Tristan Thompson",TRUE,2011,2015,"tristan_t_thompson",1610612739,"Cleveland","Cavaliers","CLE","cavaliers","Y","Tristan Thompson"
"430",201977,"Thornton, Marcus","Marcus Thornton",TRUE,2009,2015,"marcus_t_thornton",1610612764,"Washington","Wizards","WAS","wizards","Y","Marcus Thornton"
"431",201229,"Tolliver, Anthony","Anthony Tolliver",TRUE,2008,2015,"anthony_tolliver",1610612765,"Detroit","Pistons","DET","pistons","Y","Anthony Tolliver"
"432",1626253,"Toupane, Axel","Axel Toupane",TRUE,2015,2015,"axel_toupane",1610612743,"Denver","Nuggets","DEN","nuggets","Y","Axel Toupane"
"433",1626157,"Towns, Karl-Anthony","Karl-Anthony Towns",TRUE,2015,2015,"karl-anthony_towns",1610612750,"Minnesota","Timberwolves","MIN","timberwolves","Y","Karl-Anthony Towns"
"434",200782,"Tucker, PJ","PJ Tucker",TRUE,2006,2015,"pj_tucker",1610612756,"Phoenix","Suns","PHX","suns","Y","PJ Tucker"
"435",202323,"Turner, Evan","Evan Turner",TRUE,2010,2015,"evan_turner",1610612738,"Boston","Celtics","BOS","celtics","Y","Evan Turner"
"436",1626167,"Turner, Myles","Myles Turner",TRUE,2015,2015,"myles_turner",1610612754,"Indiana","Pacers","IND","pacers","Y","Myles Turner"
"437",2757,"Udrih, Beno","Beno Udrih",FALSE,2004,2015,"beno_udrih",0,"","","","","Y","Beno Udrih"
"438",202685,"Valanciunas, Jonas","Jonas Valanciunas",TRUE,2012,2015,"jonas_valanciunas",1610612761,"Toronto","Raptors","TOR","raptors","Y","Jonas Valanciunas"
"439",2760,"Varejao, Anderson","Anderson Varejao",TRUE,2004,2015,"anderson_varejao",1610612744,"Golden State","Warriors","GSW","warriors","Y","Anderson Varejao"
"440",202349,"Vasquez, Greivis","Greivis Vasquez",TRUE,2010,2015,"greivis_vasquez",1610612749,"Milwaukee","Bucks","MIL","bucks","Y","Greivis Vasquez"
"441",1626173,"Vaughn, Rashad","Rashad Vaughn",TRUE,2015,2015,"rashad_vaughn",1610612749,"Milwaukee","Bucks","MIL","bucks","Y","Rashad Vaughn"
"442",101111,"Villanueva, Charlie","Charlie Villanueva",TRUE,2005,2015,"charlie_villanueva",1610612742,"Dallas","Mavericks","DAL","mavericks","Y","Charlie Villanueva"
"443",203943,"Vonleh, Noah","Noah Vonleh",TRUE,2014,2015,"noah_vonleh",1610612757,"Portland","Trail Blazers","POR","blazers","Y","Noah Vonleh"
"444",202696,"Vucevic, Nikola","Nikola Vucevic",TRUE,2011,2015,"nikola_vucevic",1610612753,"Orlando","Magic","ORL","magic","Y","Nikola Vucevic"
"445",2756,"Vujacic, Sasha","Sasha Vujacic",TRUE,2004,2015,"sasha_vujacic",1610612752,"New York","Knicks","NYK","knicks","Y","Sasha Vujacic"
"446",2548,"Wade, Dwyane","Dwyane Wade",TRUE,2003,2015,"dwyane_wade",1610612748,"Miami","Heat","MIA","heat","Y","Dwyane Wade"
"447",203079,"Waiters, Dion","Dion Waiters",TRUE,2012,2015,"dion_waiters",1610612760,"Oklahoma City","Thunder","OKC","thunder","Y","Dion Waiters"
"448",202689,"Walker, Kemba","Kemba Walker",TRUE,2011,2015,"kemba_walker",1610612766,"Charlotte","Hornets","CHA","hornets","Y","Kemba Walker"
"449",202322,"Wall, John","John Wall",TRUE,2010,2015,"john_wall",1610612764,"Washington","Wizards","WAS","wizards","Y","John Wall"
"450",203933,"Warren, TJ","TJ Warren",TRUE,2014,2015,"tj_warren",1610612756,"Phoenix","Suns","PHX","suns","Y","TJ Warren"
"451",201228,"Watson, CJ","CJ Watson",TRUE,2007,2015,"cj_watson",1610612753,"Orlando","Magic","ORL","magic","Y","CJ Watson"
"452",1627362,"Weber, Briante","Briante Weber",TRUE,2015,2015,"briante_weber",1610612763,"Memphis","Grizzlies","MEM","grizzlies","Y","Briante Weber"
"453",201603,"Weems, Sonny","Sonny Weems",FALSE,2008,2015,"sonny_weems",0,"","","","","Y","Sonny Weems"
"454",2561,"West, David","David West",TRUE,2003,2015,"david_west",1610612759,"San Antonio","Spurs","SAS","spurs","Y","David West"
"455",201566,"Westbrook, Russell","Russell Westbrook",TRUE,2008,2015,"russell_westbrook",1610612760,"Oklahoma City","Thunder","OKC","thunder","Y","Russell Westbrook"
"456",202355,"Whiteside, Hassan","Hassan Whiteside",TRUE,2010,2015,"hassan_whiteside",1610612748,"Miami","Heat","MIA","heat","Y","Hassan Whiteside"
"457",203963,"Whittington, Shayne","Shayne Whittington",TRUE,2014,2015,"shayne_whittington",1610612754,"Indiana","Pacers","IND","pacers","Y","Shayne Whittington"
"458",203952,"Wiggins, Andrew","Andrew Wiggins",TRUE,2014,2015,"andrew_wiggins",1610612750,"Minnesota","Timberwolves","MIN","timberwolves","Y","Andrew Wiggins"
"459",203912,"Wilcox, CJ","CJ Wilcox",TRUE,2014,2015,"cj_wilcox",1610612746,"Los Angeles","Clippers","LAC","clippers","Y","CJ Wilcox"
"460",1626210,"Williams, Alan","Alan Williams",TRUE,2015,2015,"alan_williams",1610612756,"Phoenix","Suns","PHX","suns","Y","Alan Williams"
"461",101114,"Williams, Deron","Deron Williams",TRUE,2005,2015,"deron_williams",1610612742,"Dallas","Mavericks","DAL","mavericks","Y","Deron Williams"
"462",202682,"Williams, Derrick","Derrick Williams",TRUE,2011,2015,"derrick_williams",1610612752,"New York","Knicks","NYK","knicks","Y","Derrick Williams"
"463",202343,"Williams, Elliot","Elliot Williams",FALSE,2010,2015,"elliot_williams",0,"","","","","Y","Elliot Williams"
"464",101150,"Williams, Lou","Lou Williams",TRUE,2005,2015,"louis_williams",1610612747,"Los Angeles","Lakers","LAL","lakers","Y","Lou Williams"
"465",101107,"Williams, Marvin","Marvin Williams",TRUE,2005,2015,"marvin_williams",1610612766,"Charlotte","Hornets","CHA","hornets","Y","Marvin Williams"
"466",2590,"Williams, Mo","Mo Williams",TRUE,2003,2015,"maurice_williams",1610612739,"Cleveland","Cavaliers","CLE","cavaliers","Y","Mo Williams"
"467",1626159,"Winslow, Justise","Justise Winslow",TRUE,2015,2015,"justise_winslow",1610612748,"Miami","Heat","MIA","heat","Y","Justise Winslow"
"468",203481,"Withey, Jeff","Jeff Withey",TRUE,2013,2015,"jeff_withey",1610612762,"Utah","Jazz","UTA","jazz","Y","Jeff Withey"
"469",1626174,"Wood, Christian","Christian Wood",TRUE,2015,2015,"christian_wood",1610612755,"Philadelphia","76ers","PHI","sixers","Y","Christian Wood"
"470",1897,"World Peace, Metta","Metta World Peace",TRUE,1999,2015,"metta_world_peace",1610612747,"Los Angeles","Lakers","LAL","lakers","Y","Metta World Peace"
"471",201148,"Wright, Brandan","Brandan Wright",TRUE,2007,2015,"brandan_wright",1610612763,"Memphis","Grizzlies","MEM","grizzlies","Y","Brandan Wright"
"472",1626153,"Wright, Delon","Delon Wright",TRUE,2015,2015,"delon_wright",1610612761,"Toronto","Raptors","TOR","raptors","Y","Delon Wright"
"473",203100,"Wroten, Tony","Tony Wroten",TRUE,2012,2015,"tony_wroten",1610612752,"New York","Knicks","NYK","knicks","Y","Tony Wroten"
"474",203923,"Young, James","James Young",TRUE,2014,2015,"james_young",1610612738,"Boston","Celtics","BOS","celtics","Y","James Young"
"475",1626202,"Young, Joe","Joe Young",TRUE,2015,2015,"joe_young",1610612754,"Indiana","Pacers","IND","pacers","Y","Joe Young"
"476",201156,"Young, Nick","Nick Young",TRUE,2007,2015,"nick_young",1610612747,"Los Angeles","Lakers","LAL","lakers","Y","Nick Young"
"477",201152,"Young, Thaddeus","Thaddeus Young",TRUE,2007,2015,"thaddeus_young",1610612751,"Brooklyn","Nets","BKN","nets","Y","Thaddeus Young"
"478",203469,"Zeller, Cody","Cody Zeller",TRUE,2013,2015,"cody_zeller",1610612766,"Charlotte","Hornets","CHA","hornets","Y","Cody Zeller"
"479",203092,"Zeller, Tyler","Tyler Zeller",TRUE,2012,2015,"tyler_zeller",1610612738,"Boston","Celtics","BOS","celtics","Y","Tyler Zeller"
