"player","lineup","sumgp","player_name","lineup_name"
708,202711,14,"Kevin Garnett","Bojan Bogdanovic"
708,101187,12,"Kevin Garnett","Alan Anderson"
708,101127,12,"Kevin Garnett","Jarrett Jack"
708,203486,12,"Kevin Garnett","Mason Plumlee"
977,202334,37,"Kobe Bryant","Ed Davis"
977,202325,57,"Kobe Bryant","Wesley Johnson"
977,202391,38,"Kobe Bryant","Jeremy Lin"
977,2430,20,"Kobe Bryant",NA
1495,2225,149,"Tim Duncan","Tony Parker"
1495,2588,21,"Tim Duncan","Matt Bonner"
1495,203382,16,"Tim Duncan","Aron Baynes"
1495,1938,39,"Tim Duncan","Manu Ginobili"
1713,201144,18,"Vince Carter","Mike Conley"
1713,201188,18,"Vince Carter","Marc Gasol"
1713,201584,18,"Vince Carter","Courtney Lee"
1713,2216,18,"Vince Carter","Zach Randolph"
1717,2749,21,"Dirk Nowitzki","Jameer Nelson"
1717,2210,14,"Dirk Nowitzki","Richard Jefferson"
1717,201148,16,"Dirk Nowitzki","Brandan Wright"
1717,2405,11,"Dirk Nowitzki","Amar'e Stoudemire"
1718,2403,60,"Paul Pierce","Nene"
1718,202322,101,"Paul Pierce","John Wall"
1718,2400,13,"Paul Pierce","Drew Gooden"
1718,2743,28,"Paul Pierce","Kris Humphries"
1889,2446,32,"Andre Miller","Rasual Butler"
1889,2743,19,"Andre Miller","Kris Humphries"
1889,2403,13,"Andre Miller","Nene"
1889,203490,32,"Andre Miller","Otto Porter"
1890,202681,48,NA,"Kyrie Irving"
1890,201567,48,NA,"Kevin Love"
1890,2760,22,NA,"Anderson Varejao"
1890,202684,26,NA,"Tristan Thompson"
1891,201147,21,"Jason Terry","Corey Brewer"
1891,2772,12,"Jason Terry","Trevor Ariza"
1891,204028,12,"Jason Terry","Tarik Black"
1891,202700,12,"Jason Terry","Donatas Motiejunas"
1938,2225,39,"Manu Ginobili","Tony Parker"
1938,203382,17,"Manu Ginobili","Aron Baynes"
1938,201158,17,"Manu Ginobili","Marco Belinelli"
1938,202709,17,"Manu Ginobili","Cory Joseph"
2034,202681,12,"Mike Miller","Kyrie Irving"
2034,2544,12,"Mike Miller","LeBron James"
2034,201567,12,"Mike Miller","Kevin Love"
2034,2760,12,"Mike Miller","Anderson Varejao"
2037,201933,89,"Jamal Crawford","Blake Griffin"
2037,201175,11,"Jamal Crawford",NA
2037,200755,44,"Jamal Crawford","JJ Redick"
2037,2045,11,"Jamal Crawford",NA
2045,2037,11,NA,"Jamal Crawford"
2045,201175,11,NA,NA
2045,201150,11,NA,"Spencer Hawes"
2045,203085,11,NA,"Austin Rivers"
2199,2749,21,"Tyson Chandler","Jameer Nelson"
2199,2210,14,"Tyson Chandler","Richard Jefferson"
2199,200765,60,"Tyson Chandler","Rajon Rondo"
2199,202329,41,"Tyson Chandler","Al-Farouq Aminu"
2200,201959,34,"Pau Gasol","Taj Gibson"
2200,2550,35,"Pau Gasol","Kirk Hinrich"
2200,201166,59,"Pau Gasol","Aaron Brooks"
2200,2399,94,"Pau Gasol","Mike Dunleavy"
2207,201572,82,"Joe Johnson","Brook Lopez"
2207,101127,26,"Joe Johnson","Jarrett Jack"
2207,203486,26,"Joe Johnson","Mason Plumlee"
2207,101187,12,"Joe Johnson","Alan Anderson"
2210,2199,14,"Richard Jefferson","Tyson Chandler"
2210,101145,14,"Richard Jefferson","Monta Ellis"
2210,1717,14,"Richard Jefferson","Dirk Nowitzki"
2210,200765,14,"Richard Jefferson","Rajon Rondo"
2216,201145,71,"Zach Randolph","Jeff Green"
2216,201584,132,"Zach Randolph","Courtney Lee"
2216,201144,112,"Zach Randolph","Mike Conley"
2216,1713,18,"Zach Randolph","Vince Carter"
2225,202695,149,"Tony Parker","Kawhi Leonard"
2225,2588,21,"Tony Parker","Matt Bonner"
2225,203382,16,"Tony Parker","Aron Baynes"
2225,1938,39,"Tony Parker","Manu Ginobili"
2399,201959,34,"Mike Dunleavy","Taj Gibson"
2399,202703,15,"Mike Dunleavy","Nikola Mirotic"
2399,201565,35,"Mike Dunleavy","Derrick Rose"
2399,203503,26,"Mike Dunleavy","Tony Snell"
2400,203078,13,"Drew Gooden","Bradley Beal"
2400,101162,13,"Drew Gooden","Marcin Gortat"
2400,1718,13,"Drew Gooden","Paul Pierce"
2400,202322,13,"Drew Gooden","John Wall"
2403,101162,73,"Nene","Marcin Gortat"
2403,2446,13,"Nene","Rasual Butler"
2403,202322,73,"Nene","John Wall"
2403,202338,13,"Nene","Kevin Seraphin"
2405,202329,11,"Amar'e Stoudemire","Al-Farouq Aminu"
2405,200826,11,"Amar'e Stoudemire","Jose Juan Barea"
2405,2734,11,"Amar'e Stoudemire","Devin Harris"
2405,1717,11,"Amar'e Stoudemire","Dirk Nowitzki"
2406,203484,32,"Caron Butler","Kentavious Caldwell-Pope"
2406,201943,14,"Caron Butler","Brandon Jennings"
2406,201973,27,"Caron Butler","Jonas Jerebko"
2406,201975,27,"Caron Butler","Jodie Meeks"
2430,977,20,NA,"Kobe Bryant"
2430,202391,36,NA,"Jeremy Lin"
2430,202325,20,NA,"Wesley Johnson"
2430,201156,16,NA,"Nick Young"
2440,2037,45,"Matt Barnes","Jamal Crawford"
2440,201150,17,"Matt Barnes","Spencer Hawes"
2440,101108,136,"Matt Barnes","Chris Paul"
2440,200755,77,"Matt Barnes","JJ Redick"
2446,2743,41,"Rasual Butler","Kris Humphries"
2446,202338,32,"Rasual Butler","Kevin Seraphin"
2446,203078,22,"Rasual Butler","Bradley Beal"
2446,202322,22,"Rasual Butler","John Wall"
2449,203142,11,"Luis Scola","Chris Copeland"
2449,201579,11,"Luis Scola","Roy Hibbert"
2449,203524,11,"Luis Scola","Solomon Hill"
2449,202388,11,"Luis Scola","Donald Sloan"
2501,201954,11,NA,"Darren Collison"
2501,200752,11,NA,"Rudy Gay"
2501,203463,11,NA,"Ben McLemore"
2501,201574,11,NA,"Jason Thompson"
2544,203521,15,"LeBron James","Matthew Dellavedova"
2544,201567,158,"LeBron James","Kevin Love"
2544,202684,90,"LeBron James","Tristan Thompson"
2544,203079,37,"LeBron James","Dion Waiters"
2548,2736,16,"Dwyane Wade","Luol Deng"
2548,201609,16,"Dwyane Wade","Goran Dragic"
2548,2617,16,"Dwyane Wade","Udonis Haslem"
2548,202355,16,"Dwyane Wade","Hassan Whiteside"
2549,200746,47,"Chris Kaman","LaMarcus Aldridge"
2549,203081,47,"Chris Kaman","Damian Lillard"
2549,202083,20,"Chris Kaman","Wesley Matthews"
2549,2581,27,"Chris Kaman","Steve Blake"
2550,202710,35,"Kirk Hinrich","Jimmy Butler"
2550,201149,15,"Kirk Hinrich","Joakim Noah"
2550,201565,35,"Kirk Hinrich","Derrick Rose"
2550,201959,20,"Kirk Hinrich","Taj Gibson"
2561,201588,69,"David West","George Hill"
2561,203524,90,"David West","Solomon Hill"
2561,101139,71,"David West","CJ Miles"
2561,201228,43,"David West","CJ Watson"
2564,202695,83,"Boris Diaw","Kawhi Leonard"
2564,2225,83,"Boris Diaw","Tony Parker"
2564,203382,17,"Boris Diaw","Aron Baynes"
2564,201158,17,"Boris Diaw","Marco Belinelli"
2571,203084,24,"Leandro Barbosa","Harrison Barnes"
2571,2738,37,"Leandro Barbosa","Andre Iguodala"
2571,101135,13,"Leandro Barbosa","David Lee"
2571,2733,37,"Leandro Barbosa","Shaun Livingston"
2581,200746,27,"Steve Blake","LaMarcus Aldridge"
2581,201587,27,"Steve Blake","Nicolas Batum"
2581,2549,27,"Steve Blake","Chris Kaman"
2581,203081,27,"Steve Blake","Damian Lillard"
2585,203507,40,"Zaza Pachulia","Giannis Antetokounmpo"
2585,201162,16,"Zaza Pachulia","Jared Dudley"
2585,101141,24,"Zaza Pachulia","Ersan Ilyasova"
2585,202688,16,"Zaza Pachulia","Brandon Knight"
2588,1495,21,"Matt Bonner","Tim Duncan"
2588,201980,21,"Matt Bonner","Danny Green"
2588,202695,21,"Matt Bonner","Kawhi Leonard"
2588,2225,21,"Matt Bonner","Tony Parker"
2590,203476,23,"Mo Williams","Gorgui Dieng"
2590,201978,12,"Mo Williams","Chase Budinger"
2590,2744,12,"Mo Williams","Al Jefferson"
2590,203077,12,"Mo Williams","Michael Kidd-Gilchrist"
2592,203521,15,"James Jones","Matthew Dellavedova"
2592,2544,15,"James Jones","LeBron James"
2592,202697,15,"James Jones","Iman Shumpert"
2592,202684,15,"James Jones","Tristan Thompson"
2594,201143,157,"Kyle Korver","Al Horford"
2594,200757,57,"Kyle Korver","Thabo Sefolosha"
2594,201960,99,"Kyle Korver","DeMarre Carroll"
2594,203145,45,"Kyle Korver","Kent Bazemore"
2617,2736,16,"Udonis Haslem","Luol Deng"
2617,201609,16,"Udonis Haslem","Goran Dragic"
2617,2548,16,"Udonis Haslem","Dwyane Wade"
2617,202355,16,"Udonis Haslem","Hassan Whiteside"
2730,201976,37,"Dwight Howard","Patrick Beverley"
2730,201935,37,"Dwight Howard","James Harden"
2730,202700,25,"Dwight Howard","Donatas Motiejunas"
2730,2746,12,"Dwight Howard","Josh Smith"
2733,2571,37,"Shaun Livingston","Leandro Barbosa"
2733,203084,24,"Shaun Livingston","Harrison Barnes"
2733,2738,37,"Shaun Livingston","Andre Iguodala"
2733,101135,13,"Shaun Livingston","David Lee"
2734,101145,58,"Devin Harris","Monta Ellis"
2734,200826,27,"Devin Harris","Jose Juan Barea"
2734,1717,59,"Devin Harris","Dirk Nowitzki"
2734,202718,58,"Devin Harris","Chandler Parsons"
2736,201609,16,"Luol Deng","Goran Dragic"
2736,2617,16,"Luol Deng","Udonis Haslem"
2736,2548,16,"Luol Deng","Dwyane Wade"
2736,202355,16,"Luol Deng","Hassan Whiteside"
2738,2571,37,"Andre Iguodala","Leandro Barbosa"
2738,101135,13,"Andre Iguodala","David Lee"
2738,2733,37,"Andre Iguodala","Shaun Livingston"
2738,203110,130,"Andre Iguodala","Draymond Green"
2743,2446,41,"Kris Humphries","Rasual Butler"
2743,1889,19,"Kris Humphries","Andre Miller"
2743,202338,19,"Kris Humphries","Kevin Seraphin"
2743,203078,67,"Kris Humphries","Bradley Beal"
2744,202689,84,"Al Jefferson","Kemba Walker"
2744,101107,49,"Al Jefferson","Marvin Williams"
2744,201945,84,"Al Jefferson","Gerald Henderson"
2744,203469,35,"Al Jefferson","Cody Zeller"
2746,1891,21,"Josh Smith","Jason Terry"
2746,203484,42,"Josh Smith","Kentavious Caldwell-Pope"
2746,2772,42,"Josh Smith","Trevor Ariza"
2746,2730,12,"Josh Smith","Dwight Howard"
2747,202681,107,"J.R. Smith","Kyrie Irving"
2747,202697,46,"J.R. Smith","Iman Shumpert"
2747,202684,54,"J.R. Smith","Tristan Thompson"
2747,202389,53,"J.R. Smith","Timofey Mozgov"
2749,2199,21,"Jameer Nelson","Tyson Chandler"
2749,101145,21,"Jameer Nelson","Monta Ellis"
2749,1717,21,"Jameer Nelson","Dirk Nowitzki"
2749,202718,21,"Jameer Nelson","Chandler Parsons"
2754,201144,65,"Tony Allen","Mike Conley"
2754,201145,22,"Tony Allen","Jeff Green"
2754,2216,87,"Tony Allen","Zach Randolph"
2754,202720,12,"Tony Allen","Jon Leuer"
2757,201188,42,"Beno Udrih","Marc Gasol"
2757,201979,12,"Beno Udrih",NA
2757,201584,42,"Beno Udrih","Courtney Lee"
2757,201585,12,"Beno Udrih","Kosta Koufos"
2760,2544,50,"Anderson Varejao","LeBron James"
2760,203079,16,"Anderson Varejao","Dion Waiters"
2760,1890,22,"Anderson Varejao",NA
2760,2034,12,"Anderson Varejao","Mike Miller"
2772,201976,100,"Trevor Ariza","Patrick Beverley"
2772,201595,19,"Trevor Ariza",NA
2772,202700,100,"Trevor Ariza","Donatas Motiejunas"
2772,1891,12,"Trevor Ariza","Jason Terry"
101106,201939,108,"Andrew Bogut","Stephen Curry"
101106,2738,50,"Andrew Bogut","Andre Iguodala"
101106,202691,108,"Andrew Bogut","Klay Thompson"
101106,203084,58,"Andrew Bogut","Harrison Barnes"
101107,203077,28,"Marvin Williams","Michael Kidd-Gilchrist"
101107,2590,12,"Marvin Williams","Mo Williams"
101107,202362,33,"Marvin Williams","Lance Stephenson"
101107,203106,11,"Marvin Williams",NA
101108,2037,89,"Chris Paul","Jamal Crawford"
101108,201933,163,"Chris Paul","Blake Griffin"
101108,201599,180,"Chris Paul","DeAndre Jordan"
101108,200755,121,"Chris Paul","JJ Redick"
101112,203506,51,"Channing Frye","Victor Oladipo"
101112,202696,54,"Channing Frye","Nikola Vucevic"
101112,203095,50,"Channing Frye","Evan Fournier"
101112,203124,13,"Channing Frye","Kyle O'Quinn"
101114,2207,68,"Deron Williams","Joe Johnson"
101114,201152,43,"Deron Williams","Thaddeus Young"
101114,708,14,"Deron Williams","Kevin Garnett"
101114,203141,11,"Deron Williams","Mirza Teletovic"
101127,201572,14,"Jarrett Jack","Brook Lopez"
101127,203486,26,"Jarrett Jack","Mason Plumlee"
101127,101187,12,"Jarrett Jack","Alan Anderson"
101127,708,12,"Jarrett Jack","Kevin Garnett"
101133,204014,21,"Ian Mahinmi","Damjan Rudez"
101133,2449,21,"Ian Mahinmi","Luis Scola"
101133,201155,21,"Ian Mahinmi","Rodney Stuckey"
101133,201228,21,"Ian Mahinmi","CJ Watson"
101135,2571,13,"David Lee","Leandro Barbosa"
101135,2738,13,"David Lee","Andre Iguodala"
101135,2733,13,"David Lee","Shaun Livingston"
101135,201578,13,"David Lee","Marreese Speights"
101138,202340,77,"Brandon Bass","Avery Bradley"
101138,202323,77,"Brandon Bass","Evan Turner"
101138,203096,29,"Brandon Bass","Jared Sullinger"
101138,203092,48,"Brandon Bass","Tyler Zeller"
101139,201588,52,"CJ Miles","George Hill"
101139,203524,49,"CJ Miles","Solomon Hill"
101139,201155,22,"CJ Miles","Rodney Stuckey"
101139,201228,19,"CJ Miles","CJ Watson"
101141,203507,24,"Ersan Ilyasova","Giannis Antetokounmpo"
101141,203487,24,"Ersan Ilyasova","Michael Carter-Williams"
101141,203114,24,"Ersan Ilyasova","Khris Middleton"
101141,2585,24,"Ersan Ilyasova","Zaza Pachulia"
101145,2749,21,"Monta Ellis","Jameer Nelson"
101145,2210,14,"Monta Ellis","Richard Jefferson"
101145,200765,60,"Monta Ellis","Rajon Rondo"
101145,202329,41,"Monta Ellis","Al-Farouq Aminu"
101150,202335,107,"Lou Williams","Patrick Patterson"
101150,200768,44,"Lou Williams","Kyle Lowry"
101150,203082,24,"Lou Williams","Terrence Ross"
101150,202685,25,"Lou Williams","Jonas Valanciunas"
101161,200768,129,"Amir Johnson","Kyle Lowry"
101161,202349,45,"Amir Johnson","Greivis Vasquez"
101161,201942,113,"Amir Johnson","DeMar DeRozan"
101161,101150,19,"Amir Johnson","Lou Williams"
101162,1718,101,"Marcin Gortat","Paul Pierce"
101162,2743,67,"Marcin Gortat","Kris Humphries"
101162,203490,30,"Marcin Gortat","Otto Porter"
101162,2446,22,"Marcin Gortat","Rasual Butler"
101179,977,19,"Ronnie Price","Kobe Bryant"
101179,202334,19,"Ronnie Price","Ed Davis"
101179,201941,19,"Ronnie Price","Jordan Hill"
101179,202325,19,"Ronnie Price","Wesley Johnson"
101187,708,12,"Alan Anderson","Kevin Garnett"
101187,101127,12,"Alan Anderson","Jarrett Jack"
101187,2207,12,"Alan Anderson","Joe Johnson"
101187,203486,12,"Alan Anderson","Mason Plumlee"
200745,200811,12,"Andrea Bargnani","Lou Amundson"
200745,204038,12,"Andrea Bargnani","Langston Galloway"
200745,203499,12,"Andrea Bargnani","Shane Larkin"
200745,202498,12,"Andrea Bargnani","Lance Thomas"
200746,203081,100,"LaMarcus Aldridge","Damian Lillard"
200746,2549,47,"LaMarcus Aldridge","Chris Kaman"
200746,202083,52,"LaMarcus Aldridge","Wesley Matthews"
200746,201167,21,"LaMarcus Aldridge","Arron Afflalo"
200751,201163,16,"Randy Foye","Wilson Chandler"
200751,202702,16,"Randy Foye","Kenneth Faried"
200751,201568,16,"Randy Foye","Danilo Gallinari"
200751,201951,16,"Randy Foye","Ty Lawson"
200752,203492,24,"Rudy Gay","Ray McCallum"
200752,203463,83,"Rudy Gay","Ben McLemore"
200752,201574,72,"Rudy Gay","Jason Thompson"
200752,201956,11,"Rudy Gay","Omri Casspi"
200755,2440,77,"JJ Redick","Matt Barnes"
200755,2037,44,"JJ Redick","Jamal Crawford"
200755,201933,104,"JJ Redick","Blake Griffin"
200755,201150,17,"JJ Redick","Spencer Hawes"
200757,201143,42,"Thabo Sefolosha","Al Horford"
200757,200794,34,"Thabo Sefolosha","Paul Millsap"
200757,203471,23,"Thabo Sefolosha","Dennis Schroder"
200757,203118,23,"Thabo Sefolosha","Mike Scott"
200765,203096,35,"Rajon Rondo","Jared Sullinger"
200765,203482,19,"Rajon Rondo","Kelly Olynyk"
200765,2199,60,"Rajon Rondo","Tyson Chandler"
200765,202329,15,"Rajon Rondo","Al-Farouq Aminu"
200768,203082,80,"Kyle Lowry","Terrence Ross"
200768,202685,135,"Kyle Lowry","Jonas Valanciunas"
200768,101150,44,"Kyle Lowry","Lou Williams"
200768,202349,32,"Kyle Lowry","Greivis Vasquez"
200782,202339,108,"PJ Tucker","Eric Bledsoe"
200782,202693,108,"PJ Tucker","Markieff Morris"
200782,203101,27,"PJ Tucker","Miles Plumlee"
200782,202738,19,"PJ Tucker","Isaiah Thomas"
200794,203544,72,"Paul Millsap",NA
200794,200757,34,"Paul Millsap","Thabo Sefolosha"
200794,201952,165,"Paul Millsap","Jeff Teague"
200794,203145,45,"Paul Millsap","Kent Bazemore"
200811,200745,12,"Lou Amundson","Andrea Bargnani"
200811,204038,12,"Lou Amundson","Langston Galloway"
200811,203499,12,"Lou Amundson","Shane Larkin"
200811,202498,12,"Lou Amundson","Lance Thomas"
200826,101145,14,"Jose Juan Barea","Monta Ellis"
200826,1717,41,"Jose Juan Barea","Dirk Nowitzki"
200826,202718,14,"Jose Juan Barea","Chandler Parsons"
200826,2405,11,"Jose Juan Barea","Amar'e Stoudemire"
201142,203500,23,"Kevin Durant","Steven Adams"
201142,201586,23,"Kevin Durant","Serge Ibaka"
201142,203460,23,"Kevin Durant","Andre Roberson"
201142,201566,23,"Kevin Durant","Russell Westbrook"
201143,2594,157,"Al Horford","Kyle Korver"
201143,200757,42,"Al Horford","Thabo Sefolosha"
201143,201960,70,"Al Horford","DeMarre Carroll"
201143,203145,45,"Al Horford","Kent Bazemore"
201144,201145,51,"Mike Conley","Jeff Green"
201144,2216,112,"Mike Conley","Zach Randolph"
201144,2754,65,"Mike Conley","Tony Allen"
201144,1713,18,"Mike Conley","Vince Carter"
201145,202340,35,"Jeff Green","Avery Bradley"
201145,200765,35,"Jeff Green","Rajon Rondo"
201145,2757,20,"Jeff Green","Beno Udrih"
201145,201144,51,"Jeff Green","Mike Conley"
201147,201935,21,"Corey Brewer","James Harden"
201147,203093,21,"Corey Brewer","Terrence Jones"
201147,2746,21,"Corey Brewer","Josh Smith"
201147,1891,21,"Corey Brewer","Jason Terry"
201148,202339,13,"Brandan Wright","Eric Bledsoe"
201148,202329,16,"Brandan Wright","Al-Farouq Aminu"
201148,202693,13,"Brandan Wright","Markieff Morris"
201148,2734,16,"Brandan Wright","Devin Harris"
201149,201565,50,"Joakim Noah","Derrick Rose"
201149,201166,24,"Joakim Noah","Aaron Brooks"
201149,2399,45,"Joakim Noah","Mike Dunleavy"
201149,2550,15,"Joakim Noah","Kirk Hinrich"
201150,2037,11,"Spencer Hawes","Jamal Crawford"
201150,201175,11,"Spencer Hawes",NA
201150,203085,11,"Spencer Hawes","Austin Rivers"
201150,2045,11,"Spencer Hawes",NA
201152,203900,23,"Thaddeus Young","Markel Brown"
201152,202711,20,"Thaddeus Young","Bojan Bogdanovic"
201152,201978,12,"Thaddeus Young","Chase Budinger"
201152,203498,27,"Thaddeus Young","Shabazz Muhammad"
201155,204014,21,"Rodney Stuckey","Damjan Rudez"
201155,201588,39,"Rodney Stuckey","George Hill"
201155,2449,21,"Rodney Stuckey","Luis Scola"
201155,101139,22,"Rodney Stuckey","CJ Miles"
201156,2430,16,"Nick Young",NA
201156,201961,16,"Nick Young","Wayne Ellington"
201156,202391,16,"Nick Young","Jeremy Lin"
201156,203135,16,"Nick Young","Robert Sacre"
201158,203382,17,"Marco Belinelli","Aron Baynes"
201158,2564,17,"Marco Belinelli","Boris Diaw"
201158,1938,17,"Marco Belinelli","Manu Ginobili"
201158,202709,17,"Marco Belinelli","Cory Joseph"
201162,201573,38,"Jared Dudley","Jerryd Bayless"
201162,203089,38,"Jared Dudley","John Henson"
201162,202688,34,"Jared Dudley","Brandon Knight"
201162,201564,38,"Jared Dudley","O.J. Mayo"
201163,202702,90,"Wilson Chandler","Kenneth Faried"
201163,200751,16,"Wilson Chandler","Randy Foye"
201163,201581,39,"Wilson Chandler","JJ Hickson"
201163,203994,25,"Wilson Chandler","Jusuf Nurkic"
201166,2200,59,"Aaron Brooks","Pau Gasol"
201166,202703,15,"Aaron Brooks","Nikola Mirotic"
201166,203503,26,"Aaron Brooks","Tony Snell"
201166,201959,20,"Aaron Brooks","Taj Gibson"
201167,201163,93,"Arron Afflalo","Wilson Chandler"
201167,200746,21,"Arron Afflalo","LaMarcus Aldridge"
201167,202389,48,"Arron Afflalo","Timofey Mozgov"
201167,201577,21,"Arron Afflalo","Robin Lopez"
201168,1495,29,"Tiago Splitter","Tim Duncan"
201168,201980,29,"Tiago Splitter","Danny Green"
201168,202695,29,"Tiago Splitter","Kawhi Leonard"
201168,2225,29,"Tiago Splitter","Tony Parker"
201171,201954,18,"Carl Landry","Darren Collison"
201171,200752,18,"Carl Landry","Rudy Gay"
201171,203463,18,"Carl Landry","Ben McLemore"
201171,201574,18,"Carl Landry","Jason Thompson"
201175,2037,11,NA,"Jamal Crawford"
201175,201150,11,NA,"Spencer Hawes"
201175,203085,11,NA,"Austin Rivers"
201175,2045,11,NA,NA
201188,201584,132,"Marc Gasol","Courtney Lee"
201188,2757,42,"Marc Gasol","Beno Udrih"
201188,2754,65,"Marc Gasol","Tony Allen"
201188,1713,18,"Marc Gasol","Vince Carter"
201228,201579,43,"CJ Watson","Roy Hibbert"
201228,2561,43,"CJ Watson","David West"
201228,101133,21,"CJ Watson","Ian Mahinmi"
201228,2449,21,"CJ Watson","Luis Scola"
201229,2406,18,"Anthony Tolliver","Caron Butler"
201229,203484,18,"Anthony Tolliver","Kentavious Caldwell-Pope"
201229,203083,18,"Anthony Tolliver","Andre Drummond"
201229,202704,18,"Anthony Tolliver","Reggie Jackson"
201564,203507,33,"O.J. Mayo","Giannis Antetokounmpo"
201564,202688,15,"O.J. Mayo","Brandon Knight"
201564,203953,15,"O.J. Mayo","Jabari Parker"
201564,201573,38,"O.J. Mayo","Jerryd Bayless"
201565,202710,70,"Derrick Rose","Jimmy Butler"
201565,2399,35,"Derrick Rose","Mike Dunleavy"
201565,201959,34,"Derrick Rose","Taj Gibson"
201565,2550,35,"Derrick Rose","Kirk Hinrich"
201566,203500,38,"Russell Westbrook","Steven Adams"
201566,201142,23,"Russell Westbrook","Kevin Durant"
201566,201586,38,"Russell Westbrook","Serge Ibaka"
201566,203103,15,"Russell Westbrook",NA
201567,202389,53,"Kevin Love","Timofey Mozgov"
201567,2544,158,"Kevin Love","LeBron James"
201567,2760,50,"Kevin Love","Anderson Varejao"
201567,203079,37,"Kevin Love","Dion Waiters"
201568,201163,16,"Danilo Gallinari","Wilson Chandler"
201568,202702,16,"Danilo Gallinari","Kenneth Faried"
201568,200751,16,"Danilo Gallinari","Randy Foye"
201568,201951,16,"Danilo Gallinari","Ty Lawson"
201569,201583,31,"Eric Gordon","Ryan Anderson"
201569,203076,89,"Eric Gordon","Anthony Davis"
201569,201936,103,"Eric Gordon","Tyreke Evans"
201569,202347,55,"Eric Gordon","Quincy Pondexter"
201571,203484,12,"D.J. Augustin","Kentavious Caldwell-Pope"
201571,201973,27,"D.J. Augustin","Jonas Jerebko"
201571,202328,25,"D.J. Augustin","Greg Monroe"
201571,201975,27,"D.J. Augustin","Jodie Meeks"
201572,203141,11,"Brook Lopez","Mirza Teletovic"
201572,708,14,"Brook Lopez","Kevin Garnett"
201572,101127,14,"Brook Lopez","Jarrett Jack"
201572,203486,14,"Brook Lopez","Mason Plumlee"
201573,203089,38,"Jerryd Bayless","John Henson"
201573,201564,38,"Jerryd Bayless","O.J. Mayo"
201573,203114,20,"Jerryd Bayless","Khris Middleton"
201573,203507,18,"Jerryd Bayless","Giannis Antetokounmpo"
201574,201954,59,"Jason Thompson","Darren Collison"
201574,200752,72,"Jason Thompson","Rudy Gay"
201574,203492,13,"Jason Thompson","Ray McCallum"
201574,201171,18,"Jason Thompson","Carl Landry"
201577,201587,53,"Robin Lopez","Nicolas Batum"
201577,203081,53,"Robin Lopez","Damian Lillard"
201577,202083,32,"Robin Lopez","Wesley Matthews"
201577,201167,21,"Robin Lopez","Arron Afflalo"
201578,2738,80,"Marreese Speights","Andre Iguodala"
201578,202691,79,"Marreese Speights","Klay Thompson"
201578,2571,37,"Marreese Speights","Leandro Barbosa"
201578,2733,37,"Marreese Speights","Shaun Livingston"
201579,201228,43,"Roy Hibbert","CJ Watson"
201579,2561,112,"Roy Hibbert","David West"
201579,203142,11,"Roy Hibbert","Chris Copeland"
201579,2449,11,"Roy Hibbert","Luis Scola"
201581,201167,39,"JJ Hickson","Arron Afflalo"
201581,201951,39,"JJ Hickson","Ty Lawson"
201581,202389,19,"JJ Hickson","Timofey Mozgov"
201581,202702,20,"JJ Hickson","Kenneth Faried"
201583,201569,31,"Ryan Anderson","Eric Gordon"
201583,201950,33,"Ryan Anderson","Jrue Holiday"
201583,202347,16,"Ryan Anderson","Quincy Pondexter"
201583,203085,18,"Ryan Anderson","Austin Rivers"
201584,201145,49,"Courtney Lee","Jeff Green"
201584,2216,132,"Courtney Lee","Zach Randolph"
201584,201144,90,"Courtney Lee","Mike Conley"
201584,1713,18,"Courtney Lee","Vince Carter"
201585,2754,12,"Kosta Koufos","Tony Allen"
201585,201979,12,"Kosta Koufos",NA
201585,202720,12,"Kosta Koufos","Jon Leuer"
201585,2757,12,"Kosta Koufos","Beno Udrih"
201586,203500,38,"Serge Ibaka","Steven Adams"
201586,203460,38,"Serge Ibaka","Andre Roberson"
201586,201566,38,"Serge Ibaka","Russell Westbrook"
201586,201142,23,"Serge Ibaka","Kevin Durant"
201587,203081,100,"Nicolas Batum","Damian Lillard"
201587,2549,47,"Nicolas Batum","Chris Kaman"
201587,202083,52,"Nicolas Batum","Wesley Matthews"
201587,201167,21,"Nicolas Batum","Arron Afflalo"
201588,201579,69,"George Hill","Roy Hibbert"
201588,203524,47,"George Hill","Solomon Hill"
201588,101139,52,"George Hill","CJ Miles"
201588,201155,39,"George Hill","Rodney Stuckey"
201595,2772,19,NA,"Trevor Ariza"
201595,201976,19,NA,"Patrick Beverley"
201595,201935,19,NA,"James Harden"
201595,202700,19,NA,"Donatas Motiejunas"
201599,2037,89,"DeAndre Jordan","Jamal Crawford"
201599,201933,163,"DeAndre Jordan","Blake Griffin"
201599,101108,180,"DeAndre Jordan","Chris Paul"
201599,200755,121,"DeAndre Jordan","JJ Redick"
201600,203076,74,"Omer Asik","Anthony Davis"
201600,202337,16,"Omer Asik","Luke Babbitt"
201600,202347,39,"Omer Asik","Quincy Pondexter"
201600,201950,29,"Omer Asik","Jrue Holiday"
201601,203496,31,"Luc Mbah a Moute","Robert Covington"
201601,203909,19,"Luc Mbah a Moute","KJ McDaniels"
201601,203457,31,"Luc Mbah a Moute","Nerlens Noel"
201601,203138,12,"Luc Mbah a Moute","Hollis Thompson"
201609,202339,124,"Goran Dragic","Eric Bledsoe"
201609,202693,124,"Goran Dragic","Markieff Morris"
201609,2548,16,"Goran Dragic","Dwyane Wade"
201609,200782,81,"Goran Dragic","PJ Tucker"
201933,2037,89,"Blake Griffin","Jamal Crawford"
201933,101108,163,"Blake Griffin","Chris Paul"
201933,200755,104,"Blake Griffin","JJ Redick"
201933,203085,14,"Blake Griffin","Austin Rivers"
201935,2746,63,"James Harden","Josh Smith"
201935,1891,33,"James Harden","Jason Terry"
201935,2772,112,"James Harden","Trevor Ariza"
201935,204028,12,"James Harden","Tarik Black"
201936,203076,107,"Tyreke Evans","Anthony Davis"
201936,201967,34,"Tyreke Evans","Dante Cunningham"
201936,202347,55,"Tyreke Evans","Quincy Pondexter"
201936,202337,16,"Tyreke Evans","Luke Babbitt"
201939,2738,130,"Stephen Curry","Andre Iguodala"
201939,202691,238,"Stephen Curry","Klay Thompson"
201939,101106,108,"Stephen Curry","Andrew Bogut"
201939,203105,14,"Stephen Curry","Festus Ezeli"
201941,2430,20,"Jordan Hill",NA
201941,202334,48,"Jordan Hill","Ed Davis"
201941,201961,11,"Jordan Hill","Wayne Ellington"
201941,202391,49,"Jordan Hill","Jeremy Lin"
201942,101161,113,"DeMar DeRozan","Amir Johnson"
201942,202335,82,"DeMar DeRozan","Patrick Patterson"
201942,202685,119,"DeMar DeRozan","Jonas Valanciunas"
201942,101150,44,"DeMar DeRozan","Lou Williams"
201943,203484,66,"Brandon Jennings","Kentavious Caldwell-Pope"
201943,202328,50,"Brandon Jennings","Greg Monroe"
201943,202713,40,"Brandon Jennings","Kyle Singler"
201943,2746,42,"Brandon Jennings","Josh Smith"
201945,101107,60,"Gerald Henderson","Marvin Williams"
201945,203469,35,"Gerald Henderson","Cody Zeller"
201945,202687,11,"Gerald Henderson","Bismack Biyombo"
201945,203106,11,"Gerald Henderson",NA
201946,201949,39,"Tyler Hansbrough","James Johnson"
201946,202335,63,"Tyler Hansbrough","Patrick Patterson"
201946,203082,24,"Tyler Hansbrough","Terrence Ross"
201946,202349,63,"Tyler Hansbrough","Greivis Vasquez"
201949,202335,39,"James Johnson","Patrick Patterson"
201949,200768,27,"James Johnson","Kyle Lowry"
201949,203082,15,"James Johnson","Terrence Ross"
201949,101150,39,"James Johnson","Lou Williams"
201950,203076,62,"Jrue Holiday","Anthony Davis"
201950,201600,29,"Jrue Holiday","Omer Asik"
201950,202337,16,"Jrue Holiday","Luke Babbitt"
201950,201569,28,"Jrue Holiday","Eric Gordon"
201951,201581,39,"Ty Lawson","JJ Hickson"
201951,203994,25,"Ty Lawson","Jusuf Nurkic"
201951,200751,16,"Ty Lawson","Randy Foye"
201951,201568,16,"Ty Lawson","Danilo Gallinari"
201952,203544,72,"Jeff Teague",NA
201952,201143,93,"Jeff Teague","Al Horford"
201952,203145,45,"Jeff Teague","Kent Bazemore"
201952,2594,137,"Jeff Teague","Kyle Korver"
201954,202326,48,"Darren Collison","DeMarcus Cousins"
201954,2501,11,"Darren Collison",NA
201954,201171,18,"Darren Collison","Carl Landry"
201954,201574,59,"Darren Collison","Jason Thompson"
201956,202326,11,"Omri Casspi","DeMarcus Cousins"
201956,200752,11,"Omri Casspi","Rudy Gay"
201956,203492,11,"Omri Casspi","Ray McCallum"
201956,203463,11,"Omri Casspi","Ben McLemore"
201959,202710,34,"Taj Gibson","Jimmy Butler"
201959,2550,20,"Taj Gibson","Kirk Hinrich"
201959,201565,34,"Taj Gibson","Derrick Rose"
201959,2399,34,"Taj Gibson","Mike Dunleavy"
201960,201952,114,"DeMarre Carroll","Jeff Teague"
201960,203471,13,"DeMarre Carroll","Dennis Schroder"
201960,203544,57,"DeMarre Carroll",NA
201960,203145,28,"DeMarre Carroll","Kent Bazemore"
201961,2430,16,"Wayne Ellington",NA
201961,202334,11,"Wayne Ellington","Ed Davis"
201961,201941,11,"Wayne Ellington","Jordan Hill"
201961,201156,16,"Wayne Ellington","Nick Young"
201967,203076,20,"Dante Cunningham","Anthony Davis"
201967,201936,34,"Dante Cunningham","Tyreke Evans"
201967,201569,34,"Dante Cunningham","Eric Gordon"
201967,202347,14,"Dante Cunningham","Quincy Pondexter"
201973,201571,27,"Jonas Jerebko","D.J. Augustin"
201973,201975,27,"Jonas Jerebko","Jodie Meeks"
201973,202328,13,"Jonas Jerebko","Greg Monroe"
201973,203083,14,"Jonas Jerebko","Andre Drummond"
201975,201571,27,"Jodie Meeks","D.J. Augustin"
201975,201973,27,"Jodie Meeks","Jonas Jerebko"
201975,202328,13,"Jodie Meeks","Greg Monroe"
201975,203083,14,"Jodie Meeks","Andre Drummond"
201976,201935,100,"Patrick Beverley","James Harden"
201976,201595,19,"Patrick Beverley",NA
201976,202700,88,"Patrick Beverley","Donatas Motiejunas"
201976,2746,42,"Patrick Beverley","Josh Smith"
201978,203476,12,"Chase Budinger","Gorgui Dieng"
201978,203952,12,"Chase Budinger","Andrew Wiggins"
201978,2590,12,"Chase Budinger","Mo Williams"
201978,201152,12,"Chase Budinger","Thaddeus Young"
201979,2754,12,NA,"Tony Allen"
201979,201585,12,NA,"Kosta Koufos"
201979,202720,12,NA,"Jon Leuer"
201979,2757,12,NA,"Beno Udrih"
201980,2225,110,"Danny Green","Tony Parker"
201980,2564,44,"Danny Green","Boris Diaw"
201980,2588,21,"Danny Green","Matt Bonner"
201980,203382,16,"Danny Green","Aron Baynes"
202066,101162,20,"Garrett Temple","Marcin Gortat"
202066,2403,20,"Garrett Temple","Nene"
202066,1718,20,"Garrett Temple","Paul Pierce"
202066,202322,20,"Garrett Temple","John Wall"
202083,200746,52,"Wesley Matthews","LaMarcus Aldridge"
202083,203081,52,"Wesley Matthews","Damian Lillard"
202083,2549,20,"Wesley Matthews","Chris Kaman"
202083,201577,32,"Wesley Matthews","Robin Lopez"
202322,203078,133,"John Wall","Bradley Beal"
202322,2743,67,"John Wall","Kris Humphries"
202322,202066,20,"John Wall","Garrett Temple"
202322,203490,30,"John Wall","Otto Porter"
202323,101138,77,"Evan Turner","Brandon Bass"
202323,203109,28,"Evan Turner","Jae Crowder"
202323,203092,48,"Evan Turner","Tyler Zeller"
202323,203096,29,"Evan Turner","Jared Sullinger"
202324,202330,175,"Derrick Favors","Gordon Hayward"
202324,203918,32,"Derrick Favors","Rodney Hood"
202324,202407,22,"Derrick Favors","Elijah Millsap"
202324,202692,24,"Derrick Favors","Alec Burks"
202325,2430,20,"Wesley Johnson",NA
202325,202334,48,"Wesley Johnson","Ed Davis"
202325,201961,11,"Wesley Johnson","Wayne Ellington"
202325,202391,49,"Wesley Johnson","Jeremy Lin"
202326,203463,72,"DeMarcus Cousins","Ben McLemore"
202326,201574,43,"DeMarcus Cousins","Jason Thompson"
202326,201956,11,"DeMarcus Cousins","Omri Casspi"
202326,202682,18,"DeMarcus Cousins","Derrick Williams"
202328,2406,27,"Greg Monroe","Caron Butler"
202328,201943,50,"Greg Monroe","Brandon Jennings"
202328,2746,26,"Greg Monroe","Josh Smith"
202328,201975,13,"Greg Monroe","Jodie Meeks"
202329,101145,41,"Al-Farouq Aminu","Monta Ellis"
202329,202718,41,"Al-Farouq Aminu","Chandler Parsons"
202329,201148,16,"Al-Farouq Aminu","Brandan Wright"
202329,200765,15,"Al-Farouq Aminu","Rajon Rondo"
202330,202683,95,"Gordon Hayward","Enes Kanter"
202330,202344,92,"Gordon Hayward","Trevor Booker"
202330,202692,39,"Gordon Hayward","Alec Burks"
202330,203497,202,"Gordon Hayward","Rudy Gobert"
202334,201961,11,"Ed Davis","Wayne Ellington"
202334,202325,48,"Ed Davis","Wesley Johnson"
202334,977,37,"Ed Davis","Kobe Bryant"
202334,101179,19,"Ed Davis","Ronnie Price"
202335,202349,63,"Patrick Patterson","Greivis Vasquez"
202335,201942,63,"Patrick Patterson","DeMar DeRozan"
202335,201949,39,"Patrick Patterson","James Johnson"
202335,101161,38,"Patrick Patterson","Amir Johnson"
202336,203507,15,NA,"Giannis Antetokounmpo"
202336,202688,15,NA,"Brandon Knight"
202336,201564,15,NA,"O.J. Mayo"
202336,203953,15,NA,"Jabari Parker"
202337,201600,16,"Luke Babbitt","Omer Asik"
202337,203076,16,"Luke Babbitt","Anthony Davis"
202337,201936,16,"Luke Babbitt","Tyreke Evans"
202337,201950,16,"Luke Babbitt","Jrue Holiday"
202338,2446,32,"Kevin Seraphin","Rasual Butler"
202338,2743,19,"Kevin Seraphin","Kris Humphries"
202338,2403,13,"Kevin Seraphin","Nene"
202338,1889,32,"Kevin Seraphin","Andre Miller"
202339,202693,151,"Eric Bledsoe","Markieff Morris"
202339,203101,53,"Eric Bledsoe","Miles Plumlee"
202339,202738,19,"Eric Bledsoe","Isaiah Thomas"
202339,201148,13,"Eric Bledsoe","Brandan Wright"
202340,201145,35,"Avery Bradley","Jeff Green"
202340,200765,35,"Avery Bradley","Rajon Rondo"
202340,203096,48,"Avery Bradley","Jared Sullinger"
202340,203092,64,"Avery Bradley","Tyler Zeller"
202344,203957,67,"Trevor Booker","Dante Exum"
202344,204060,38,"Trevor Booker","Joe Ingles"
202344,203918,29,"Trevor Booker","Rodney Hood"
202344,202407,25,"Trevor Booker","Elijah Millsap"
202347,201600,39,"Quincy Pondexter","Omer Asik"
202347,201583,16,"Quincy Pondexter","Ryan Anderson"
202347,203076,41,"Quincy Pondexter","Anthony Davis"
202347,201967,14,"Quincy Pondexter","Dante Cunningham"
202349,202335,63,"Greivis Vasquez","Patrick Patterson"
202349,201942,31,"Greivis Vasquez","DeMar DeRozan"
202349,101161,45,"Greivis Vasquez","Amir Johnson"
202349,200768,32,"Greivis Vasquez","Kyle Lowry"
202355,2736,16,"Hassan Whiteside","Luol Deng"
202355,201609,16,"Hassan Whiteside","Goran Dragic"
202355,2617,16,"Hassan Whiteside","Udonis Haslem"
202355,2548,16,"Hassan Whiteside","Dwyane Wade"
202362,201945,43,"Lance Stephenson","Gerald Henderson"
202362,202689,55,"Lance Stephenson","Kemba Walker"
202362,203469,22,"Lance Stephenson","Cody Zeller"
202362,101107,33,"Lance Stephenson","Marvin Williams"
202388,203142,11,"Donald Sloan","Chris Copeland"
202388,201579,11,"Donald Sloan","Roy Hibbert"
202388,203524,11,"Donald Sloan","Solomon Hill"
202388,2449,11,"Donald Sloan","Luis Scola"
202389,201567,53,"Timofey Mozgov","Kevin Love"
202389,202702,29,"Timofey Mozgov","Kenneth Faried"
202389,201581,19,"Timofey Mozgov","JJ Hickson"
202389,201951,48,"Timofey Mozgov","Ty Lawson"
202391,2430,36,"Jeremy Lin",NA
202391,201961,27,"Jeremy Lin","Wayne Ellington"
202391,203135,16,"Jeremy Lin","Robert Sacre"
202391,202334,29,"Jeremy Lin","Ed Davis"
202407,203504,47,"Elijah Millsap","Trey Burke"
202407,202344,25,"Elijah Millsap","Trevor Booker"
202407,202324,22,"Elijah Millsap","Derrick Favors"
202407,203497,47,"Elijah Millsap","Rudy Gobert"
202498,200811,12,"Lance Thomas","Lou Amundson"
202498,200745,12,"Lance Thomas","Andrea Bargnani"
202498,204038,12,"Lance Thomas","Langston Galloway"
202498,203499,12,"Lance Thomas","Shane Larkin"
202681,202697,46,"Kyrie Irving","Iman Shumpert"
202681,2747,107,"Kyrie Irving","J.R. Smith"
202681,202684,101,"Kyrie Irving","Tristan Thompson"
202681,203079,37,"Kyrie Irving","Dion Waiters"
202682,201954,18,"Derrick Williams","Darren Collison"
202682,202326,18,"Derrick Williams","DeMarcus Cousins"
202682,200752,18,"Derrick Williams","Rudy Gay"
202682,203463,18,"Derrick Williams","Ben McLemore"
202683,203504,83,"Enes Kanter","Trey Burke"
202683,202324,80,"Enes Kanter","Derrick Favors"
202683,203497,15,"Enes Kanter","Rudy Gobert"
202683,204060,40,"Enes Kanter","Joe Ingles"
202684,201567,101,"Tristan Thompson","Kevin Love"
202684,2592,15,"Tristan Thompson","James Jones"
202684,1890,26,"Tristan Thompson",NA
202684,2747,54,"Tristan Thompson","J.R. Smith"
202685,202335,44,"Jonas Valanciunas","Patrick Patterson"
202685,202349,45,"Jonas Valanciunas","Greivis Vasquez"
202685,101150,25,"Jonas Valanciunas","Lou Williams"
202685,201949,27,"Jonas Valanciunas","James Johnson"
202687,201945,11,"Bismack Biyombo","Gerald Henderson"
202687,203106,11,"Bismack Biyombo",NA
202687,202689,11,"Bismack Biyombo","Kemba Walker"
202687,101107,11,"Bismack Biyombo","Marvin Williams"
202688,203507,49,"Brandon Knight","Giannis Antetokounmpo"
202688,201564,15,"Brandon Knight","O.J. Mayo"
202688,203953,15,"Brandon Knight","Jabari Parker"
202688,203089,18,"Brandon Knight","John Henson"
202689,201945,83,"Kemba Walker","Gerald Henderson"
202689,203077,41,"Kemba Walker","Michael Kidd-Gilchrist"
202689,203469,35,"Kemba Walker","Cody Zeller"
202689,101107,60,"Kemba Walker","Marvin Williams"
202691,201939,238,"Klay Thompson","Stephen Curry"
202691,2738,130,"Klay Thompson","Andre Iguodala"
202691,203105,14,"Klay Thompson","Festus Ezeli"
202691,201578,79,"Klay Thompson","Marreese Speights"
202692,203504,39,"Alec Burks","Trey Burke"
202692,202324,24,"Alec Burks","Derrick Favors"
202692,203497,15,"Alec Burks","Rudy Gobert"
202692,202330,39,"Alec Burks","Gordon Hayward"
202693,202694,70,"Markieff Morris","Marcus Morris"
202693,200782,108,"Markieff Morris","PJ Tucker"
202693,201148,13,"Markieff Morris","Brandan Wright"
202693,203458,66,"Markieff Morris","Alex Len"
202694,202339,70,"Marcus Morris","Eric Bledsoe"
202694,200782,27,"Marcus Morris","PJ Tucker"
202694,203458,31,"Marcus Morris","Alex Len"
202694,203101,26,"Marcus Morris","Miles Plumlee"
202695,2225,149,"Kawhi Leonard","Tony Parker"
202695,2588,21,"Kawhi Leonard","Matt Bonner"
202695,203382,16,"Kawhi Leonard","Aron Baynes"
202695,1938,39,"Kawhi Leonard","Manu Ginobili"
202696,202699,119,"Nikola Vucevic","Tobias Harris"
202696,101112,54,"Nikola Vucevic","Channing Frye"
202696,203932,14,"Nikola Vucevic","Aaron Gordon"
202696,203901,98,"Nikola Vucevic","Elfrid Payton"
202697,203521,15,"Iman Shumpert","Matthew Dellavedova"
202697,2544,15,"Iman Shumpert","LeBron James"
202697,2592,15,"Iman Shumpert","James Jones"
202697,202389,20,"Iman Shumpert","Timofey Mozgov"
202699,203901,84,"Tobias Harris","Elfrid Payton"
202699,101112,67,"Tobias Harris","Channing Frye"
202699,203095,70,"Tobias Harris","Evan Fournier"
202699,203932,14,"Tobias Harris","Aaron Gordon"
202700,2772,100,"Donatas Motiejunas","Trevor Ariza"
202700,201595,19,"Donatas Motiejunas",NA
202700,2730,25,"Donatas Motiejunas","Dwight Howard"
202700,203093,14,"Donatas Motiejunas","Terrence Jones"
202702,201163,90,"Kenneth Faried","Wilson Chandler"
202702,200751,16,"Kenneth Faried","Randy Foye"
202702,202389,29,"Kenneth Faried","Timofey Mozgov"
202702,203994,25,"Kenneth Faried","Jusuf Nurkic"
202703,201166,15,"Nikola Mirotic","Aaron Brooks"
202703,2399,15,"Nikola Mirotic","Mike Dunleavy"
202703,2200,15,"Nikola Mirotic","Pau Gasol"
202703,203503,15,"Nikola Mirotic","Tony Snell"
202704,2406,18,"Reggie Jackson","Caron Butler"
202704,203484,18,"Reggie Jackson","Kentavious Caldwell-Pope"
202704,203083,18,"Reggie Jackson","Andre Drummond"
202704,201229,18,"Reggie Jackson","Anthony Tolliver"
202709,203382,17,"Cory Joseph","Aron Baynes"
202709,201158,17,"Cory Joseph","Marco Belinelli"
202709,2564,17,"Cory Joseph","Boris Diaw"
202709,1938,17,"Cory Joseph","Manu Ginobili"
202710,201959,34,"Jimmy Butler","Taj Gibson"
202710,2550,35,"Jimmy Butler","Kirk Hinrich"
202710,201565,84,"Jimmy Butler","Derrick Rose"
202710,201166,33,"Jimmy Butler","Aaron Brooks"
202711,2207,59,"Bojan Bogdanovic","Joe Johnson"
202711,101127,14,"Bojan Bogdanovic","Jarrett Jack"
202711,201152,20,"Bojan Bogdanovic","Thaddeus Young"
202711,203486,14,"Bojan Bogdanovic","Mason Plumlee"
202713,203083,52,"Kyle Singler","Andre Drummond"
202713,2746,16,"Kyle Singler","Josh Smith"
202713,201571,12,"Kyle Singler","D.J. Augustin"
202713,202328,36,"Kyle Singler","Greg Monroe"
202718,101145,139,"Chandler Parsons","Monta Ellis"
202718,200826,14,"Chandler Parsons","Jose Juan Barea"
202718,2749,21,"Chandler Parsons","Jameer Nelson"
202718,2734,58,"Chandler Parsons","Devin Harris"
202720,2754,12,"Jon Leuer","Tony Allen"
202720,201979,12,"Jon Leuer",NA
202720,201585,12,"Jon Leuer","Kosta Koufos"
202720,2757,12,"Jon Leuer","Beno Udrih"
202738,202339,19,"Isaiah Thomas","Eric Bledsoe"
202738,201609,19,"Isaiah Thomas","Goran Dragic"
202738,202693,19,"Isaiah Thomas","Markieff Morris"
202738,200782,19,"Isaiah Thomas","PJ Tucker"
203076,201950,62,"Anthony Davis","Jrue Holiday"
203076,203085,18,"Anthony Davis","Austin Rivers"
203076,201967,20,"Anthony Davis","Dante Cunningham"
203076,202337,16,"Anthony Davis","Luke Babbitt"
203077,2744,41,"Michael Kidd-Gilchrist","Al Jefferson"
203077,101107,28,"Michael Kidd-Gilchrist","Marvin Williams"
203077,201945,41,"Michael Kidd-Gilchrist","Gerald Henderson"
203077,203469,13,"Michael Kidd-Gilchrist","Cody Zeller"
203078,101162,133,"Bradley Beal","Marcin Gortat"
203078,2400,13,"Bradley Beal","Drew Gooden"
203078,2403,53,"Bradley Beal","Nene"
203078,203490,30,"Bradley Beal","Otto Porter"
203079,202681,37,"Dion Waiters","Kyrie Irving"
203079,201567,37,"Dion Waiters","Kevin Love"
203079,2760,16,"Dion Waiters","Anderson Varejao"
203079,202684,21,"Dion Waiters","Tristan Thompson"
203081,202083,52,"Damian Lillard","Wesley Matthews"
203081,201167,21,"Damian Lillard","Arron Afflalo"
203081,2549,47,"Damian Lillard","Chris Kaman"
203081,2581,27,"Damian Lillard","Steve Blake"
203082,201942,64,"Terrence Ross","DeMar DeRozan"
203082,202335,43,"Terrence Ross","Patrick Patterson"
203082,202349,51,"Terrence Ross","Greivis Vasquez"
203082,101150,24,"Terrence Ross","Lou Williams"
203083,202704,18,"Andre Drummond","Reggie Jackson"
203083,201973,14,"Andre Drummond","Jonas Jerebko"
203083,201229,18,"Andre Drummond","Anthony Tolliver"
203083,201975,14,"Andre Drummond","Jodie Meeks"
203084,101106,58,"Harrison Barnes","Andrew Bogut"
203084,203105,14,"Harrison Barnes","Festus Ezeli"
203084,202691,145,"Harrison Barnes","Klay Thompson"
203084,2571,24,"Harrison Barnes","Leandro Barbosa"
203085,2037,11,"Austin Rivers","Jamal Crawford"
203085,201175,11,"Austin Rivers",NA
203085,201150,11,"Austin Rivers","Spencer Hawes"
203085,2045,11,"Austin Rivers",NA
203089,203507,18,"John Henson","Giannis Antetokounmpo"
203089,201573,38,"John Henson","Jerryd Bayless"
203089,201162,38,"John Henson","Jared Dudley"
203089,202688,18,"John Henson","Brandon Knight"
203092,202340,64,"Tyler Zeller","Avery Bradley"
203092,200765,16,"Tyler Zeller","Rajon Rondo"
203092,203109,15,"Tyler Zeller","Jae Crowder"
203092,203096,16,"Tyler Zeller","Jared Sullinger"
203093,1891,21,"Terrence Jones","Jason Terry"
203093,2772,14,"Terrence Jones","Trevor Ariza"
203093,201976,14,"Terrence Jones","Patrick Beverley"
203093,202700,14,"Terrence Jones","Donatas Motiejunas"
203095,202699,70,"Evan Fournier","Tobias Harris"
203095,203506,54,"Evan Fournier","Victor Oladipo"
203095,203901,36,"Evan Fournier","Elfrid Payton"
203095,202696,57,"Evan Fournier","Nikola Vucevic"
203096,203109,13,"Jared Sullinger","Jae Crowder"
203096,203092,16,"Jared Sullinger","Tyler Zeller"
203096,202323,29,"Jared Sullinger","Evan Turner"
203096,203482,19,"Jared Sullinger","Kelly Olynyk"
203101,201609,53,"Miles Plumlee","Goran Dragic"
203101,202693,53,"Miles Plumlee","Markieff Morris"
203101,200782,27,"Miles Plumlee","PJ Tucker"
203101,202694,26,"Miles Plumlee","Marcus Morris"
203103,203500,15,NA,"Steven Adams"
203103,201586,15,NA,"Serge Ibaka"
203103,203460,15,NA,"Andre Roberson"
203103,201566,15,NA,"Russell Westbrook"
203105,203084,14,"Festus Ezeli","Harrison Barnes"
203105,201939,14,"Festus Ezeli","Stephen Curry"
203105,203110,14,"Festus Ezeli","Draymond Green"
203105,202691,14,"Festus Ezeli","Klay Thompson"
203106,202687,11,NA,"Bismack Biyombo"
203106,201945,11,NA,"Gerald Henderson"
203106,202689,11,NA,"Kemba Walker"
203106,101107,11,NA,"Marvin Williams"
203109,101138,28,"Jae Crowder","Brandon Bass"
203109,203096,13,"Jae Crowder","Jared Sullinger"
203109,202323,28,"Jae Crowder","Evan Turner"
203109,203092,15,"Jae Crowder","Tyler Zeller"
203110,2738,130,"Draymond Green","Andre Iguodala"
203110,202691,238,"Draymond Green","Klay Thompson"
203110,101106,108,"Draymond Green","Andrew Bogut"
203110,203105,14,"Draymond Green","Festus Ezeli"
203114,201162,54,"Khris Middleton","Jared Dudley"
203114,101141,24,"Khris Middleton","Ersan Ilyasova"
203114,203089,38,"Khris Middleton","John Henson"
203114,201564,20,"Khris Middleton","O.J. Mayo"
203118,201143,51,"Mike Scott","Al Horford"
203118,203471,51,"Mike Scott","Dennis Schroder"
203118,200757,23,"Mike Scott","Thabo Sefolosha"
203118,203145,28,"Mike Scott","Kent Bazemore"
203124,203901,14,"Kyle O'Quinn","Elfrid Payton"
203124,202696,14,"Kyle O'Quinn","Nikola Vucevic"
203124,203095,13,"Kyle O'Quinn","Evan Fournier"
203124,101112,13,"Kyle O'Quinn","Channing Frye"
203135,2430,16,"Robert Sacre",NA
203135,201961,16,"Robert Sacre","Wayne Ellington"
203135,202391,16,"Robert Sacre","Jeremy Lin"
203135,201156,16,"Robert Sacre","Nick Young"
203138,203487,12,"Hollis Thompson","Michael Carter-Williams"
203138,203496,12,"Hollis Thompson","Robert Covington"
203138,201601,12,"Hollis Thompson","Luc Mbah a Moute"
203138,203457,12,"Hollis Thompson","Nerlens Noel"
203141,202711,11,"Mirza Teletovic","Bojan Bogdanovic"
203141,2207,11,"Mirza Teletovic","Joe Johnson"
203141,201572,11,"Mirza Teletovic","Brook Lopez"
203141,101114,11,"Mirza Teletovic","Deron Williams"
203142,201579,11,"Chris Copeland","Roy Hibbert"
203142,203524,11,"Chris Copeland","Solomon Hill"
203142,2449,11,"Chris Copeland","Luis Scola"
203142,202388,11,"Chris Copeland","Donald Sloan"
203145,201143,45,"Kent Bazemore","Al Horford"
203145,203118,28,"Kent Bazemore","Mike Scott"
203145,201952,45,"Kent Bazemore","Jeff Teague"
203145,203544,28,"Kent Bazemore",NA
203382,1495,16,"Aron Baynes","Tim Duncan"
203382,201158,17,"Aron Baynes","Marco Belinelli"
203382,202695,16,"Aron Baynes","Kawhi Leonard"
203382,1938,17,"Aron Baynes","Manu Ginobili"
203457,203487,31,"Nerlens Noel","Michael Carter-Williams"
203457,201601,31,"Nerlens Noel","Luc Mbah a Moute"
203457,203138,12,"Nerlens Noel","Hollis Thompson"
203457,203909,19,"Nerlens Noel","KJ McDaniels"
203458,202339,66,"Alex Len","Eric Bledsoe"
203458,202694,31,"Alex Len","Marcus Morris"
203458,200782,49,"Alex Len","PJ Tucker"
203458,201609,52,"Alex Len","Goran Dragic"
203460,203500,38,"Andre Roberson","Steven Adams"
203460,201142,23,"Andre Roberson","Kevin Durant"
203460,201586,38,"Andre Roberson","Serge Ibaka"
203460,203103,15,"Andre Roberson",NA
203463,201954,77,"Ben McLemore","Darren Collison"
203463,201171,18,"Ben McLemore","Carl Landry"
203463,202682,18,"Ben McLemore","Derrick Williams"
203463,201956,11,"Ben McLemore","Omri Casspi"
203469,201945,35,"Cody Zeller","Gerald Henderson"
203469,2744,35,"Cody Zeller","Al Jefferson"
203469,202362,22,"Cody Zeller","Lance Stephenson"
203469,203077,13,"Cody Zeller","Michael Kidd-Gilchrist"
203471,203118,51,"Dennis Schroder","Mike Scott"
203471,203145,28,"Dennis Schroder","Kent Bazemore"
203471,201960,13,"Dennis Schroder","DeMarre Carroll"
203471,200794,13,"Dennis Schroder","Paul Millsap"
203473,202699,17,"Dewayne Dedmon","Tobias Harris"
203473,203506,17,"Dewayne Dedmon","Victor Oladipo"
203473,203901,17,"Dewayne Dedmon","Elfrid Payton"
203473,202696,17,"Dewayne Dedmon","Nikola Vucevic"
203476,203498,27,"Gorgui Dieng","Shabazz Muhammad"
203476,203952,39,"Gorgui Dieng","Andrew Wiggins"
203476,2590,23,"Gorgui Dieng","Mo Williams"
203476,201152,39,"Gorgui Dieng","Thaddeus Young"
203482,202340,19,"Kelly Olynyk","Avery Bradley"
203482,201145,19,"Kelly Olynyk","Jeff Green"
203482,200765,19,"Kelly Olynyk","Rajon Rondo"
203482,203096,19,"Kelly Olynyk","Jared Sullinger"
203484,2406,32,"Kentavious Caldwell-Pope","Caron Butler"
203484,201571,12,"Kentavious Caldwell-Pope","D.J. Augustin"
203484,202704,18,"Kentavious Caldwell-Pope","Reggie Jackson"
203484,201229,18,"Kentavious Caldwell-Pope","Anthony Tolliver"
203486,101187,12,"Mason Plumlee","Alan Anderson"
203486,202711,14,"Mason Plumlee","Bojan Bogdanovic"
203486,708,12,"Mason Plumlee","Kevin Garnett"
203486,2207,26,"Mason Plumlee","Joe Johnson"
203487,201601,31,"Michael Carter-Williams","Luc Mbah a Moute"
203487,101141,24,"Michael Carter-Williams","Ersan Ilyasova"
203487,203114,24,"Michael Carter-Williams","Khris Middleton"
203487,2585,24,"Michael Carter-Williams","Zaza Pachulia"
203490,203078,30,"Otto Porter","Bradley Beal"
203490,2743,36,"Otto Porter","Kris Humphries"
203490,2403,26,"Otto Porter","Nene"
203490,202322,30,"Otto Porter","John Wall"
203492,200752,24,"Ray McCallum","Rudy Gay"
203492,203463,24,"Ray McCallum","Ben McLemore"
203492,201574,13,"Ray McCallum","Jason Thompson"
203492,201956,11,"Ray McCallum","Omri Casspi"
203496,201601,31,"Robert Covington","Luc Mbah a Moute"
203496,203909,19,"Robert Covington","KJ McDaniels"
203496,203457,31,"Robert Covington","Nerlens Noel"
203496,203138,12,"Robert Covington","Hollis Thompson"
203497,202692,15,"Rudy Gobert","Alec Burks"
203497,202330,202,"Rudy Gobert","Gordon Hayward"
203497,204060,95,"Rudy Gobert","Joe Ingles"
203497,202407,47,"Rudy Gobert","Elijah Millsap"
203498,203476,27,"Shabazz Muhammad","Gorgui Dieng"
203498,2590,11,"Shabazz Muhammad","Mo Williams"
203498,201152,27,"Shabazz Muhammad","Thaddeus Young"
203498,203897,16,"Shabazz Muhammad","Zach LaVine"
203499,200811,12,"Shane Larkin","Lou Amundson"
203499,200745,12,"Shane Larkin","Andrea Bargnani"
203499,204038,12,"Shane Larkin","Langston Galloway"
203499,202498,12,"Shane Larkin","Lance Thomas"
203500,201142,23,"Steven Adams","Kevin Durant"
203500,201586,38,"Steven Adams","Serge Ibaka"
203500,203103,15,"Steven Adams",NA
203500,203460,38,"Steven Adams","Andre Roberson"
203503,201166,26,"Tony Snell","Aaron Brooks"
203503,201149,25,"Tony Snell","Joakim Noah"
203503,201565,14,"Tony Snell","Derrick Rose"
203503,202703,15,"Tony Snell","Nikola Mirotic"
203504,203497,88,"Trey Burke","Rudy Gobert"
203504,202683,83,"Trey Burke","Enes Kanter"
203504,202407,47,"Trey Burke","Elijah Millsap"
203504,202344,25,"Trey Burke","Trevor Booker"
203506,202699,116,"Victor Oladipo","Tobias Harris"
203506,203095,54,"Victor Oladipo","Evan Fournier"
203506,203932,14,"Victor Oladipo","Aaron Gordon"
203506,202696,103,"Victor Oladipo","Nikola Vucevic"
203507,201162,52,"Giannis Antetokounmpo","Jared Dudley"
203507,201573,18,"Giannis Antetokounmpo","Jerryd Bayless"
203507,203953,15,"Giannis Antetokounmpo","Jabari Parker"
203507,2585,40,"Giannis Antetokounmpo","Zaza Pachulia"
203521,2544,15,"Matthew Dellavedova","LeBron James"
203521,2592,15,"Matthew Dellavedova","James Jones"
203521,202697,15,"Matthew Dellavedova","Iman Shumpert"
203521,202684,15,"Matthew Dellavedova","Tristan Thompson"
203524,201228,43,"Solomon Hill","CJ Watson"
203524,2561,90,"Solomon Hill","David West"
203524,201588,47,"Solomon Hill","George Hill"
203524,202388,11,"Solomon Hill","Donald Sloan"
203544,203145,28,NA,"Kent Bazemore"
203544,2594,44,NA,"Kyle Korver"
203544,200794,72,NA,"Paul Millsap"
203544,200757,15,NA,"Thabo Sefolosha"
203897,203476,16,"Zach LaVine","Gorgui Dieng"
203897,203498,16,"Zach LaVine","Shabazz Muhammad"
203897,203952,16,"Zach LaVine","Andrew Wiggins"
203897,201152,16,"Zach LaVine","Thaddeus Young"
203900,2207,23,"Markel Brown","Joe Johnson"
203900,201572,23,"Markel Brown","Brook Lopez"
203900,101114,23,"Markel Brown","Deron Williams"
203900,201152,23,"Markel Brown","Thaddeus Young"
203901,202699,98,"Elfrid Payton","Tobias Harris"
203901,101112,33,"Elfrid Payton","Channing Frye"
203901,203932,14,"Elfrid Payton","Aaron Gordon"
203901,203506,82,"Elfrid Payton","Victor Oladipo"
203909,203487,19,"KJ McDaniels","Michael Carter-Williams"
203909,203496,19,"KJ McDaniels","Robert Covington"
203909,201601,19,"KJ McDaniels","Luc Mbah a Moute"
203909,203457,19,"KJ McDaniels","Nerlens Noel"
203918,203504,16,"Rodney Hood","Trey Burke"
203918,202324,16,"Rodney Hood","Derrick Favors"
203918,202330,45,"Rodney Hood","Gordon Hayward"
203918,203957,45,"Rodney Hood","Dante Exum"
203932,202699,14,"Aaron Gordon","Tobias Harris"
203932,203506,14,"Aaron Gordon","Victor Oladipo"
203932,203901,14,"Aaron Gordon","Elfrid Payton"
203932,202696,14,"Aaron Gordon","Nikola Vucevic"
203935,101138,49,"Marcus Smart","Brandon Bass"
203935,202323,49,"Marcus Smart","Evan Turner"
203935,203096,16,"Marcus Smart","Jared Sullinger"
203935,203092,33,"Marcus Smart","Tyler Zeller"
203952,203476,39,"Andrew Wiggins","Gorgui Dieng"
203952,203498,27,"Andrew Wiggins","Shabazz Muhammad"
203952,2590,23,"Andrew Wiggins","Mo Williams"
203952,201152,39,"Andrew Wiggins","Thaddeus Young"
203953,203507,15,"Jabari Parker","Giannis Antetokounmpo"
203953,202688,15,"Jabari Parker","Brandon Knight"
203953,201564,15,"Jabari Parker","O.J. Mayo"
203953,202336,15,"Jabari Parker",NA
203957,202330,126,"Dante Exum","Gordon Hayward"
203957,203918,45,"Dante Exum","Rodney Hood"
203957,202683,12,"Dante Exum","Enes Kanter"
203957,202344,67,"Dante Exum","Trevor Booker"
203994,201167,25,"Jusuf Nurkic","Arron Afflalo"
203994,201163,25,"Jusuf Nurkic","Wilson Chandler"
203994,202702,25,"Jusuf Nurkic","Kenneth Faried"
203994,201951,25,"Jusuf Nurkic","Ty Lawson"
204014,101133,21,"Damjan Rudez","Ian Mahinmi"
204014,2449,21,"Damjan Rudez","Luis Scola"
204014,201155,21,"Damjan Rudez","Rodney Stuckey"
204014,201228,21,"Damjan Rudez","CJ Watson"
204028,2772,12,"Tarik Black","Trevor Ariza"
204028,201935,12,"Tarik Black","James Harden"
204028,202700,12,"Tarik Black","Donatas Motiejunas"
204028,1891,12,"Tarik Black","Jason Terry"
204038,200811,12,"Langston Galloway","Lou Amundson"
204038,200745,12,"Langston Galloway","Andrea Bargnani"
204038,203499,12,"Langston Galloway","Shane Larkin"
204038,202498,12,"Langston Galloway","Lance Thomas"
204060,202324,97,"Joe Ingles","Derrick Favors"
204060,202330,135,"Joe Ingles","Gordon Hayward"
204060,202344,38,"Joe Ingles","Trevor Booker"
204060,203497,95,"Joe Ingles","Rudy Gobert"
